run_id,date,day_type,number_of_tasks,task_1_planned,task_1_achieved,task_1_importance,task_1_quality,task_1_score,task_2_planned,task_2_achieved,task_2_importance,task_2_quality,task_2_score,task_3_planned,task_3_achieved,task_3_importance,task_3_quality,task_3_score,task_4_planned,task_4_achieved,task_4_importance,task_4_quality,task_4_score,task_5_planned,task_5_achieved,task_5_importance,task_5_quality,task_5_score,task_6_planned,task_6_achieved,task_6_importance,task_6_quality,task_6_score,task_7_planned,task_7_achieved,task_7_importance,task_7_quality,task_7_score,task_8_planned,task_8_achieved,task_8_importance,task_8_quality,task_8_score,task_9_planned,task_9_achieved,task_9_importance,task_9_quality,task_9_score,task_10_planned,task_10_achieved,task_10_importance,task_10_quality,task_10_score,daily_efficiency,eff_rolling_mean,eff_rolling_std,eff_daytype_mean,eff_daytype_std,eff_trend_short,eff_trend_medium,eff_trend_direction,days_since_improvement,total_planned,total_achieved,completion_ratio,avg_task_score,task_score_variance,task_count_mean,task_count_std,workload_intensity_mean,completion_ratio_mean,completion_ratio_std,importance_weighted_effort,importance_effort_ratio,importance_effort_ratio_mean,importance_effort_ratio_std,task_quality_mean,task_quality_std,task_quality_mean_baseline,task_quality_std_baseline,quality_weighted_completion,planning_pressure,planning_pressure_mean,planning_pressure_std,overplanning_frequency,efficiency_volatility,efficiency_cv,efficiency_momentum,improvement_streak,daytype_performance_delta,daytype_percentile,efficiency_threshold_overall,is_efficiency_drop_overall,drop_magnitude_overall,efficiency_threshold_daytype,is_efficiency_drop_daytype,drop_magnitude_daytype,is_efficiency_drop,drop_magnitude,drop_type,drop_severity,drop_during_decline,consecutive_drops,drop_streak_warning,days_since_last_drop,recovery_success,efficiency_percentile,is_bottom_quintile,daytype_efficiency_percentile,is_daytype_underperformer,anomaly_score,drop_context,early_warning,ema_simple,ema_daytype,ema_trend_adjusted,ema_weighted,ema_adaptive,ema_ensemble
1,2025-12-09,Normal,4,3.19,2.8,0.79,0.73,0.756,3.75,4.03,0.61,0.84,0.896,0.71,0.77,0.58,0.89,0.897,4.37,4.25,0.97,0.94,0.997,,,,,,,,,,,,,,,,,,,,,,,,,,,,,,,1.116,,0.0,,0.0,,,stable,0,12.02,11.85,0.98585690515807,0.8865000000000001,0.0990639524078595,,0.0,,,0.0,0.0,0.0,,0.0,0.85,0.0898146239020498,,,0.0,1.0143459915611814,,0.0,,0.0,0.0,,0,,81.81818181818183,,False,0.0,,False,0.0,False,0.0,none,none,False,0,False,0,False,73.0,False,81.81818181818183,False,0.0,No drop,False,1.116,1.116,1.116,,1.116,1.116
2,2025-12-10,Efficient,8,4.25,4.34,0.42,0.76,0.785,0.64,0.87,0.2,0.85,0.859,1.97,2.41,0.68,1.0,1.138,4.84,6.01,0.88,0.77,1.193,2.41,2.73,0.86,0.79,1.113,4.62,6.29,0.74,0.79,1.194,3.5,4.31,0.57,0.89,1.04,1.65,1.58,0.39,0.69,0.591,,,,,,,,,,,1.405,,0.0,,0.0,0.2889999999999997,,stable,1,23.88,28.54,1.195142378559464,0.989125,0.2206286068098539,,0.0,,,0.0,0.0,0.0,,0.0,0.8175,0.094830676169988,,,0.0,0.8367203924316748,,0.0,,0.0,0.0,,1,,85.13513513513513,,False,0.0,,False,0.0,False,0.0,none,none,False,0,False,1,False,94.5,False,85.13513513513513,False,0.0,No drop,False,1.2316000000000003,1.405,1.2084800000000002,,1.2084800000000002,1.2633900000000002
3,2025-12-11,Normal,5,2.35,2.13,0.77,0.79,0.792,4.68,4.35,0.67,0.86,0.783,4.13,4.0,0.78,0.84,0.863,4.18,3.98,0.64,0.83,0.78,4.74,3.41,0.67,0.87,0.606,,,,,,,,,,,,,,,,,,,,,,,,,,0.991,1.1706666666666667,0.2123448453184896,,0.0,-0.0624999999999999,-0.0624999999999999,declining,2,20.08,17.87,0.8899402390438248,0.7647999999999999,0.0950825956734459,5.666666666666667,2.081665999466133,18.66,1.0236465075871195,0.1560709038547548,0.0,0.0,0.0,0.0,0.8379999999999999,0.0311448230047948,0.8351666666666665,0.0719300410256109,0.0,1.123670956911024,0.9915791136346268,0.1448237020022836,0.0,0.2123448453184896,0.1813879658187554,-0.1796666666666667,0,,51.51515151515152,0.8521493986889324,False,0.0,,False,0.0,False,0.0,none,none,False,0,False,2,False,46.5,False,51.51515151515152,False,0.0,No drop,True,1.1353600000000001,1.066,1.1040896,0.9988058223097309,1.0953904,1.0799291644619464
4,2025-12-12,Chill,3,3.63,1.78,0.5,0.85,0.529,2.89,1.73,0.78,0.73,0.654,4.11,2.95,0.83,1.0,0.807,,,,,,,,,,,,,,,,,,,,,,,,,,,,,,,,,,,,0.849,1.09025,0.2364901336913092,,0.0,-0.2780000000000002,-0.1215,declining,3,10.63,6.46,0.6077140169332079,0.6633333333333334,0.1392348136542486,5.0,2.160246899469287,16.6525,0.9196633849236416,0.2439030761363039,0.0,0.0,0.0,0.0,0.86,0.1352774925846868,0.841375,0.0877669039153799,0.0,1.6455108359133126,1.1550620442042985,0.3476913537296495,0.25,0.2364901336913092,0.2169136745620813,-0.2412499999999999,0,,6.666666666666667,0.7355147994630362,False,0.0,,False,0.0,False,0.0,none,none,False,0,False,3,False,16.0,True,6.666666666666667,True,0.0,No drop,True,1.020816,0.849,0.981646592,0.8839036238951,0.967267392,0.9405267215790201
5,2025-12-13,Chill,5,1.49,1.0,0.76,0.8,0.707,2.29,1.4,0.49,0.97,0.62,1.53,0.77,0.63,0.8,0.552,1.35,0.72,0.59,0.73,0.549,4.49,3.21,0.41,0.85,0.623,,,,,,,,,,,,,,,,,,,,,,,,,,0.867,1.0456,0.2278460006232279,,0.0,-0.0620000000000002,-0.1054000000000001,declining,4,11.15,7.1,0.6367713004484304,0.6102000000000001,0.0647356161629747,5.0,1.8708286933869709,15.551999999999998,0.8630849680285995,0.2462155949636613,0.0,0.0,0.0,0.0,0.8299999999999998,0.089162772500635,0.8391,0.0880460776324309,0.0,1.5704225352112675,1.238134142405692,0.3537963052261532,0.4,0.2278460006232279,0.2179093349495294,-0.1785999999999998,1,,16.666666666666664,0.7038309990651582,False,0.0,,False,0.0,False,0.0,none,none,False,0,False,4,False,21.5,False,16.666666666666664,True,0.0,No drop,True,0.9592896,0.8571,0.92661622784,0.8298990173141408,0.91512834816,0.8976066386628281
6,2025-12-14,Normal,4,1.51,1.17,0.2,0.75,0.496,4.32,3.28,0.37,0.9,0.57,3.34,2.7,0.6,1.0,0.69,3.75,2.34,0.63,0.71,0.485,,,,,,,,,,,,,,,,,,,,,,,,,,,,,,,0.867,1.0158333333333334,0.2164425250884553,0.9913333333333334,0.1245003346715716,0.009,-0.0857428571428571,declining,5,12.92,9.489999999999998,0.7345201238390092,0.5602499999999999,0.0943764624610748,4.833333333333333,1.7224014243685086,15.113333333333332,0.8416574939970011,0.2263901835833363,0.0,0.0,0.0,0.0,0.84,0.134412301024373,0.8392499999999999,0.0957737815310879,0.0,1.361433087460485,1.2586839665814908,0.3204235199158753,0.5,0.2164425250884553,0.2130689336391685,-0.1488333333333333,2,-0.1243333333333334,27.27272727272727,0.6911695457006504,False,0.0,0.8419329317274475,False,0.0,False,0.0,none,none,False,0,False,5,False,21.5,False,27.27272727272727,False,0.0,No drop,True,0.9223737599999999,0.9864,0.902769736704,0.7989722712803906,0.8901016071168,0.9001234750202383
7,2025-12-15,Chill,3,0.84,0.52,0.73,0.56,0.607,2.28,1.82,0.88,0.76,0.828,4.32,2.41,0.85,0.74,0.648,,,,,,,,,,,,,,,,,,,,,,,,,,,,,,,,,,,,0.924,1.0027142857142857,0.2006096660064964,0.88,0.0391535439009038,0.0285,-0.0634285714285714,declining,6,7.439999999999999,4.75,0.6384408602150538,0.6943333333333334,0.1175599138028491,4.571428571428571,1.7182493859684491,14.017142857142856,0.8126265463138658,0.2204767579952148,0.0,0.0,0.0,0.0,0.6866666666666666,0.110151410945722,0.8174523809523809,0.0978277285903213,0.0,1.566315789473684,1.3026313698518042,0.3147681366903119,0.5714285714285714,0.2006096660064964,0.2000666280161668,-0.0787142857142856,3,0.044,23.33333333333333,0.7017997867045411,False,0.0,0.8330157473189155,False,0.0,False,0.0,none,none,False,0,False,6,False,34.5,False,23.33333333333333,True,0.0,No drop,True,0.9230242559999999,0.887205,0.90956342095872,0.7935722842246495,0.907728771416064,0.8842187465198867
8,2025-12-16,Efficient,8,2.76,3.22,0.61,0.75,0.975,0.92,1.0,0.2,0.63,0.656,3.16,2.72,0.47,0.77,0.581,0.88,0.77,0.2,0.78,0.507,4.89,5.17,0.85,0.73,1.033,1.28,1.17,0.53,0.78,0.641,1.76,2.17,0.35,0.82,0.882,3.91,3.35,0.23,0.79,0.51,,,,,,,,,,,1.22,1.0175714285714286,0.2138144500440019,,0.0,0.1764999999999999,-0.0239642857142857,declining,7,19.56,19.57,1.000511247443763,0.723125,0.2098594342479202,5.142857142857143,2.1157009420498154,15.094285714285714,0.8147200237832504,0.2224564489416818,0.0,0.0,0.0,0.0,0.75625,0.0575543221661066,0.8040595238095237,0.0932191140566152,0.0,0.9994890137966274,1.3005089444568678,0.3170775864896377,0.5714285714285714,0.2138144500440019,0.2101223010400131,0.2024285714285714,4,,64.86486486486487,0.6968497535054257,False,0.0,,False,0.0,False,0.0,none,none,False,0,False,7,False,84.0,False,64.86486486486487,False,0.0,No drop,False,1.0418145536,1.3402500000000002,1.0089031262519295,0.8790779375892109,1.0701098102797106,1.0680310855441701
9,2025-12-17,Efficient,8,2.59,2.88,0.41,1.0,0.909,3.58,3.92,0.38,0.88,0.842,3.08,2.78,0.58,0.62,0.597,1.73,1.62,0.66,0.71,0.692,3.45,3.47,0.2,0.68,0.637,4.71,4.08,0.77,0.76,0.693,3.06,3.3,0.38,0.84,0.821,1.57,1.77,0.85,0.7,1.071,,,,,,,,,,,1.203,0.9887142857142858,0.1595584681610622,1.276,0.1120401713672377,0.1394999999999999,0.05125,improving,8,23.77,23.82,1.002103491796382,0.7827500000000001,0.158581885112122,5.142857142857143,2.1157009420498154,15.078571428571427,0.787143039959953,0.1741595034578335,0.0,0.0,0.0,0.0,0.7737499999999999,0.1247783749579343,0.7978095238095236,0.0974973567406075,0.0,0.9979009235936188,1.32353473462286,0.2816586762189096,0.5714285714285714,0.1595584681610622,0.1613797539557052,0.2142857142857143,0,-0.0729999999999999,62.16216216216216,0.7493765834726924,False,0.0,1.1415517943593148,False,0.0,False,0.0,none,none,False,0,False,8,False,83.0,False,62.16216216216216,False,0.0,No drop,False,1.1062887321600001,1.2922125000000002,1.071014125851312,0.8968390214144484,1.1392127089342612,1.1011134176720043
10,2025-12-18,Normal,4,2.25,1.59,0.67,0.6,0.538,1.82,1.51,0.73,0.82,0.718,0.91,0.82,0.75,0.71,0.752,1.14,1.15,0.63,0.87,0.887,,,,,,,,,,,,,,,,,,,,,,,,,,,,,,,1.0,0.99,0.1596162063618018,0.9935,0.1017464168083247,-0.11,0.0527857142857143,improving,9,6.12,5.07,0.8284313725490197,0.72375,0.1437413765529373,5.0,2.160246899469287,13.084285714285716,0.7783560590321237,0.1696005998907377,0.0,0.0,0.0,0.0,0.75,0.1202774570177914,0.7852380952380952,0.1102305901710356,0.0,1.2071005917159765,1.3354532538807102,0.2734369767790643,0.7142857142857143,0.1596162063618018,0.1612284912745472,0.01,0,0.0064999999999999,57.57575757575758,0.7505756904572973,False,0.0,0.8714042998300104,False,0.0,False,0.0,none,none,False,0,False,9,False,51.0,False,57.57575757575758,False,0.0,No drop,True,1.0637732392960002,0.99184,1.0369273454426822,0.858572690764932,1.0668221002884453,1.003587075158412
11,2025-12-19,Normal,3,3.12,3.13,0.68,0.86,0.91,2.2,1.73,0.97,0.71,0.745,3.07,2.96,0.54,0.8,0.733,,,,,,,,,,,,,,,,,,,,,,,,,,,,,,,,,,,,1.049,1.018571428571429,0.1476198463880077,1.0046,0.0915439785021385,-0.0770000000000002,0.0389642857142856,improving,10,8.39,7.819999999999999,0.9320619785458878,0.7959999999999999,0.0989090491310072,5.0,2.160246899469287,12.764285714285714,0.8246914821196494,0.1591980862703088,0.0,0.0,0.0,0.0,0.79,0.0754983443527075,0.7752380952380952,0.1016907118521814,0.0,1.0728900255754477,1.253650280975301,0.2498560724595539,0.5714285714285714,0.1476198463880077,0.1449283204370342,0.0304285714285712,1,0.0443999999999999,72.72727272727273,0.7971416589894174,False,0.0,0.8947472257974337,False,0.0,False,0.0,none,none,False,0,False,10,False,62.0,False,72.72727272727273,False,0.0,No drop,True,1.0578639435776,1.014704,1.0427222196301948,0.8756903263708071,1.0575546081384537,1.0097070195434112
12,2025-12-20,Efficient,5,0.55,0.69,0.2,0.99,0.852,0.83,0.89,0.49,1.0,0.928,3.13,3.79,0.45,0.98,0.984,1.75,1.62,0.2,0.78,0.532,1.89,2.23,0.72,1.0,1.129,,,,,,,,,,,,,,,,,,,,,,,,,,1.301,1.0805714285714283,0.163622387570545,1.28225,0.0923304752866932,0.1504999999999998,0.0475714285714285,improving,11,8.15,9.22,1.1312883435582823,0.8850000000000001,0.2218580627338118,5.0,2.160246899469287,12.335714285714287,0.8953367739924855,0.1711804719931867,0.0,0.0,0.0,0.0,0.95,0.0953939201416945,0.7923809523809523,0.1025808758009042,0.0,0.8839479392624728,1.1555824815540443,0.2392984360933718,0.4285714285714285,0.163622387570545,0.151422093203836,0.2204285714285714,2,0.01875,72.97297297297297,0.8351378472156108,False,0.0,1.171453429655968,False,0.0,False,0.0,none,none,False,0,False,11,False,90.0,False,72.97297297297297,False,0.0,No drop,False,1.15511836614656,1.2952881250000001,1.1253711093485326,0.9753588341318681,1.1841462119064579,1.1470565293066837
13,2025-12-21,Chill,4,2.19,2.22,0.8,0.98,0.966,1.73,1.18,0.57,0.83,0.65,4.75,4.88,0.86,0.85,0.962,3.23,2.45,0.48,0.74,0.639,,,,,,,,,,,,,,,,,,,,,,,,,,,,,,,1.055,1.1074285714285714,0.1357851945081605,0.92375,0.0931571253313454,0.003,0.0143214285714285,stable,12,11.9,10.73,0.9016806722689076,0.80425,0.1845252918527249,5.0,2.160246899469287,12.19,0.9192168523396136,0.1559930377915215,0.0,0.0,0.0,0.0,0.85,0.0989949493661166,0.7938095238095239,0.097521254135439,0.0,1.109040074557316,1.119526336853592,0.2214625076631791,0.2857142857142857,0.1357851945081605,0.1226130497364711,-0.0524285714285714,0,0.1312499999999999,70.0,0.9037507796663308,False,0.0,0.8119614496023855,False,0.0,False,0.0,none,none,False,0,False,12,False,63.0,False,70.0,False,0.0,No drop,True,1.115071019687936,0.96271275,1.0972226656091195,0.9496836742331795,1.1169901817150998,1.0483360582490673
14,2025-12-22,Normal,4,4.17,4.69,0.78,1.0,1.05,2.39,2.47,0.67,0.85,0.911,3.36,3.11,0.56,0.96,0.757,4.6,3.67,0.79,0.77,0.701,,,,,,,,,,,,,,,,,,,,,,,,,,,,,,,1.073,1.1287142857142858,0.1117985007140289,1.016,0.0865101150155287,-0.114,-0.0155714285714286,stable,13,14.52,13.94,0.9600550964187328,0.85475,0.1575655948063113,5.142857142857143,2.0354009783964297,13.20142857142857,0.9651617432258536,0.0949201774059461,0.0,0.0,0.0,0.0,0.895,0.1047218538160333,0.8235714285714285,0.096745603116912,0.0,1.0416068866571018,1.0445679221655086,0.1011542815219151,0.1428571428571428,0.1117985007140289,0.0990494247561324,-0.0557142857142858,1,0.0569999999999999,75.75757575757575,0.9610165346432424,False,0.0,0.9121878619813656,False,0.0,False,0.0,none,none,False,0,False,13,False,65.0,False,75.75757575757575,False,0.0,No drop,True,1.0982426118127617,1.0380224,1.085595786116742,0.960015551957778,1.0973180362675565,1.0558388772309677
15,2025-12-23,Efficient,5,2.72,2.99,0.71,0.75,0.992,1.08,1.09,0.84,0.72,0.993,3.5,3.58,0.87,0.67,1.001,1.04,1.22,0.78,0.72,1.066,4.43,6.19,0.45,0.82,1.039,,,,,,,,,,,,,,,,,,,,,,,,,,1.389,1.1528571428571428,0.1473820755399929,1.3036,0.09312786908332,0.1669999999999999,0.0253571428571428,improving,14,12.77,15.07,1.1801096319498825,1.0181999999999998,0.0329195990255045,4.714285714285714,1.6035674514745464,12.231428571428571,0.9908186552981564,0.1254353139613682,0.0,0.0,0.0,0.0,0.736,0.0550454357780915,0.8206785714285714,0.096387190775767,0.0,0.8473788984737889,1.0228379056908177,0.125790288306981,0.1428571428571428,0.1473820755399929,0.1278407098859914,0.2361428571428572,2,0.0854000000000001,81.08108108108108,0.9317840295471534,False,0.0,1.191846557100016,False,0.0,False,0.0,none,none,False,0,False,14,False,93.0,False,81.08108108108108,False,0.0,No drop,False,1.214545567087657,1.3280872812500002,1.1826851345593847,1.0547502966572688,1.2489926574084271,1.2058121873925476
16,2025-12-24,Efficient,7,4.66,4.91,0.33,0.83,0.778,3.87,3.68,0.89,0.53,0.751,3.82,3.92,0.72,0.66,0.923,2.63,2.93,0.2,0.7,0.693,3.01,3.7,0.2,0.67,0.735,2.74,3.02,0.73,0.53,0.931,0.9,1.2,0.44,0.86,1.009,,,,,,,,,,,,,,,,1.405,1.1817142857142855,0.1758604695828621,1.3205,0.093015590091124,0.1659999999999999,0.0595357142857143,improving,15,21.630000000000003,23.36,1.079981507165973,0.8314285714285715,0.1208412969461146,4.571428571428571,1.2724180205607034,11.925714285714289,1.0019440860652409,0.1299745796182599,0.0,0.0,0.0,0.0,0.6828571428571427,0.1295780698670735,0.8076938775510205,0.0970728614770726,0.0,0.925941780821918,1.012558028152003,0.1310002891581558,0.1428571428571428,0.1758604695828621,0.1488180956334665,0.2232857142857143,3,0.0845,85.13513513513513,0.9179235813399924,False,0.0,1.2088812918906513,False,0.0,False,0.0,none,none,False,0,False,15,False,94.5,False,85.13513513513513,False,0.0,No drop,False,1.2907273402525943,1.3550067328125002,1.2538258915003817,1.1048034713604964,1.330116475556045,1.2668959822964034
17,2025-12-25,Normal,5,3.01,3.16,0.8,0.86,0.989,2.41,2.47,0.57,0.67,0.804,2.67,2.75,0.82,0.75,0.959,4.95,4.61,0.31,0.67,0.582,2.35,2.22,0.78,0.76,0.815,,,,,,,,,,,,,,,,,,,,,,,,,,1.189,1.208714285714286,0.156786175289484,1.0407142857142857,0.1025292060597277,-0.0999999999999998,0.0343571428571428,improving,16,15.39,15.210000000000004,0.9883040935672516,0.8298,0.1614982972046454,4.714285714285714,1.2535663410560176,13.25,1.0247830462107026,0.1062923711762054,0.0,0.0,0.0,0.0,0.742,0.0785493475466219,0.8065510204081633,0.0911117029811913,0.0,1.011834319526627,0.9846628464106674,0.0997272790519053,0.0,0.156786175289484,0.1297131813055653,-0.0197142857142857,0,0.1482857142857143,87.87878787878788,0.97353502278006,False,0.0,0.9176792384426125,False,0.0,False,0.0,none,none,False,0,False,16,False,80.0,False,87.87878787878788,False,0.0,No drop,True,1.2500364041515566,1.0984134399999999,1.2227094635801985,1.0818274472626292,1.2567359082669016,1.181944532652257
18,2025-12-26,Normal,3,3.88,3.03,0.42,0.73,0.555,1.92,1.42,0.87,0.6,0.634,3.1,2.0,0.99,0.91,0.663,,,,,,,,,,,,,,,,,,,,,,,,,,,,,,,,,,,,0.819,1.175857142857143,0.2106746532542762,0.9982857142857144,0.1251408730001437,-0.293,-0.0302142857142857,declining,17,8.9,6.449999999999999,0.7247191011235954,0.6173333333333334,0.0558957362715022,4.714285714285714,1.2535663410560176,13.322857142857144,0.995162635150375,0.1544279780967044,0.0,0.0,0.0,0.0,0.7466666666666667,0.1556705923844749,0.8003605442176871,0.1025648812714437,0.0,1.3798449612403103,1.0285135515056478,0.1800915783238932,0.1428571428571428,0.2106746532542762,0.1791668779953752,-0.356857142857143,0,-0.1792857142857143,9.090909090909092,0.8598451629757287,True,0.0408451629757287,0.848116666685542,True,0.029116666685542,True,0.0408451629757287,both,none,True,1,False,0,False,7.000000000000001,True,9.090909090909092,True,1.408451629757287,NONE drop | below both overall AND day-type baseline | (0.041 below threshold) | during declining trend | ⚠️ bottom 10% for this day type,False,1.077621842490934,0.9866480639999999,1.0289289210617032,0.9506923154123557,1.006350968738234,1.0100484223406454
19,2025-12-27,Chill,4,1.13,0.78,0.31,0.8,0.575,1.62,1.1,0.2,0.88,0.552,2.04,1.44,0.77,0.93,0.761,3.74,2.43,0.84,0.84,0.73,,,,,,,,,,,,,,,,,,,,,,,,,,,,,,,0.939,1.124142857142857,0.2190977168384223,0.9267999999999998,0.0809641896149155,-0.1249999999999999,-0.0377142857142857,declining,18,8.530000000000001,5.75,0.6740914419695192,0.6545000000000001,0.1062528430992162,4.571428571428571,1.2724180205607034,13.377142857142855,0.929848792066266,0.1815595487373825,0.0,0.0,0.0,0.0,0.8625,0.0556027577253742,0.7878605442176871,0.0968804294976837,0.0,1.4834782608695654,1.114160740306661,0.2342873745979073,0.2857142857142857,0.2190977168384223,0.1949020228579179,-0.1851428571428571,1,0.0122000000000001,36.66666666666666,0.7954962818852236,False,0.0,0.8296429724621013,False,0.0,False,0.0,none,none,False,0,False,1,False,40.0,False,36.66666666666666,False,0.0,No drop,True,1.0221731054945604,0.9520420125,0.9857630389520857,0.9014488766940458,0.9713284649943523,0.9665510997270088
20,2025-12-28,Normal,5,1.52,1.32,0.94,0.75,0.822,3.77,3.53,0.65,0.94,0.805,0.85,0.63,0.64,0.66,0.566,1.9,1.5,0.49,0.66,0.56,4.05,3.81,0.77,0.66,0.783,,,,,,,,,,,,,,,,,,,,,,,,,,0.989,1.1147142857142858,0.2239357901168057,0.998,0.1251625609624007,0.085,-0.0620714285714286,declining,19,12.09,10.79,0.8924731182795699,0.7072,0.1323771128254427,4.714285714285714,1.2535663410560176,13.404285714285717,0.9285334272106464,0.1818307845000855,0.0,0.0,0.0,0.0,0.734,0.121573023323433,0.7712891156462585,0.1001058686344432,0.0,1.1204819277108435,1.115795290757165,0.2342856082086337,0.2857142857142857,0.2239357901168057,0.2008907510979931,-0.1257142857142857,2,-0.009,46.96969696969697,0.7788106005390772,False,0.0,0.8478049268451192,False,0.0,False,0.0,none,none,False,0,False,2,False,44.5,False,46.96969696969697,False,0.0,No drop,True,1.0089038632967362,0.9875888384,0.9867988664874183,0.8950334081607348,0.9805176631972891,0.9717685279084357
21,2025-12-29,Chill,3,1.13,0.49,0.74,0.58,0.503,4.82,2.06,0.26,0.68,0.43,3.87,1.73,0.53,0.95,0.523,,,,,,,,,,,,,,,,,,,,,,,,,,,,,,,,,,,,0.776,1.0722857142857145,0.2586082715135732,0.9016666666666668,0.0950487594167681,-0.0814999999999998,-0.1043214285714285,declining,20,9.82,4.279999999999999,0.4358452138492871,0.4853333333333333,0.0489523577913601,4.571428571428571,1.3972762620115435,12.732857142857142,0.853646301129297,0.2584782690859382,0.0,0.0,0.0,0.0,0.7366666666666667,0.1913983629327412,0.7486700680272109,0.1124882270796872,0.0,2.294392523364486,1.2947646674296485,0.4981157379202643,0.4285714285714285,0.2586082715135732,0.2411747802551309,-0.2962857142857142,0,-0.1256666666666667,3.333333333333333,0.6843733070153547,False,0.0,0.7876081553665452,True,0.0116081553665451,True,0.0116081553665451,daytype,none,True,1,False,0,False,4.0,True,3.333333333333333,True,1.1160815536654514,NONE drop | below Chill baseline | (0.012 below threshold) | during declining trend | ⚠️ bottom 10% for this day type,False,0.9157423179780417,0.872823106875,0.8856154105734575,0.8036467808709735,0.8635335598484397,0.8682722352291826
22,2025-12-30,Efficient,6,3.71,3.08,0.48,0.44,0.469,0.96,0.73,0.65,0.9,0.582,4.91,4.62,0.38,0.65,0.565,1.38,1.13,0.2,0.96,0.534,4.12,4.11,0.95,0.81,0.933,3.35,3.03,0.47,0.69,0.588,,,,,,,,,,,,,,,,,,,,,0.969,1.0122857142857142,0.2184908192470291,1.2702857142857142,0.1576712976265436,-0.0099999999999999,-0.0701428571428572,declining,21,18.43,16.700000000000003,0.90613130765057,0.6118333333333333,0.1632536880645171,4.714285714285714,1.4960264830861911,13.54142857142857,0.8145065405151095,0.2184487037615055,0.0,0.0,0.0,0.0,0.7416666666666667,0.1894641566805359,0.7494795918367346,0.1316909014943221,0.0,1.1035928143712572,1.3313666554150012,0.468282401023373,0.4285714285714285,0.2184908192470291,0.2158390819544459,-0.0432857142857142,1,-0.3012857142857142,45.94594594594595,0.6845494854151706,False,0.0,1.081080157133862,True,0.1120801571338619,True,0.1120801571338619,daytype,none,True,2,False,0,False,42.0,False,45.94594594594595,False,3.12080157133862,NONE drop | below Efficient baseline | (0.112 below threshold) | ⚠️ 2 consecutive drops | during declining trend,False,0.937045390786825,1.2199043763281252,0.9189692463440744,0.8047824155149363,0.9293446185030133,0.962009209495395
23,2025-12-31,Normal,6,3.16,1.96,0.54,0.51,0.426,1.83,1.57,0.39,0.9,0.637,2.41,1.29,0.26,0.73,0.388,1.13,0.93,0.52,0.88,0.645,1.73,1.25,0.49,0.84,0.558,1.12,0.94,0.44,0.69,0.587,,,,,,,,,,,,,,,,,,,,,0.903,0.9405714285714284,0.1342557970726732,1.0031428571428571,0.1194939727509698,0.0635,-0.02575,declining,22,11.38,7.939999999999999,0.6977152899824253,0.5401666666666667,0.1086893125687464,4.571428571428571,1.2724180205607034,12.077142857142858,0.7598970809174598,0.1864613024152606,0.0,0.0,0.0,0.0,0.7583333333333333,0.1474336008739753,0.7602619047619047,0.1342416916381652,0.0,1.4332493702770783,1.4038391681943097,0.4330079571128594,0.5714285714285714,0.1342557970726732,0.1427385448828543,-0.0375714285714284,0,-0.100142857142857,33.33333333333333,0.7391877329624186,False,0.0,0.8597500898416933,False,0.0,False,0.0,none,none,False,0,False,1,False,31.0,False,33.33333333333333,False,0.0,No drop,True,0.9234272344720951,0.9537533030400001,0.9138590875139705,0.7643813897475735,0.9156454168814464,0.894213286331017
24,2026-01-01,Normal,5,1.25,0.98,0.71,0.89,0.69,1.8,1.17,0.2,0.79,0.451,3.8,2.28,0.5,0.56,0.418,2.73,2.01,0.87,0.8,0.681,3.6,2.44,0.74,0.82,0.588,,,,,,,,,,,,,,,,,,,,,,,,,,0.822,0.8881428571428571,0.0829144711362813,0.9777142857142856,0.1378099104874952,-0.0734999999999999,-0.0029642857142857,stable,23,13.179999999999998,8.879999999999999,0.6737481031866465,0.5656000000000001,0.1267016179849334,4.571428571428571,1.2724180205607034,11.76142857142857,0.7149605108630875,0.1579682032504606,0.0,0.0,0.0,0.0,0.772,0.1247798060585125,0.764547619047619,0.1408460428541496,0.0,1.484234234234234,1.4713248702953965,0.3970496759194341,0.7142857142857143,0.0829144711362813,0.0933571333366525,-0.0661428571428571,0,-0.1557142857142857,13.636363636363637,0.7637711504384352,False,0.0,0.8123423931292915,False,0.0,False,0.0,none,none,False,0,False,2,False,8.5,True,13.636363636363637,True,0.0,No drop,True,0.882856340683257,0.901051981824,0.8697667255072646,0.7170571240038763,0.8845871760211994,0.8510638696079195
25,2026-01-02,Efficient,5,0.91,0.91,0.44,0.77,0.666,4.13,5.09,0.7,0.68,1.047,4.94,4.71,0.62,0.61,0.652,4.66,6.25,0.74,0.89,1.222,4.23,5.59,0.57,0.93,1.112,,,,,,,,,,,,,,,,,,,,,,,,,,1.35,0.964,0.1868600189089856,1.2624285714285717,0.1510715692895888,0.2234999999999998,0.036642857142857,improving,24,18.87,22.55,1.1950185479597244,0.9398,0.2639018757038305,4.857142857142857,1.0690449676496985,13.185714285714283,0.7821461461253918,0.2410002908805578,0.0,0.0,0.0,0.0,0.776,0.1355728586406586,0.7687380952380953,0.1379749380336044,0.0,0.8368070953436807,1.3937480323101636,0.4651178602090738,0.5714285714285714,0.1868600189089856,0.1938381938889893,0.3860000000000002,1,0.0875714285714286,75.67567567567568,0.6837099716365216,False,0.0,1.081142688281065,False,0.0,False,0.0,none,none,False,0,False,3,False,91.0,False,75.67567567567568,False,0.0,No drop,False,1.0697138044099543,1.2654378446132815,1.02344137334494,0.8814365848922384,1.1266018444901758,1.073326290350118
26,2026-01-03,Efficient,7,2.92,3.7,0.26,0.85,0.856,0.5,0.52,0.2,0.66,0.643,2.29,2.25,0.98,0.52,0.824,4.34,5.62,0.43,0.82,0.962,0.99,1.12,0.3,0.8,0.789,4.57,6.54,0.76,0.83,1.272,1.54,2.08,0.53,0.92,1.098,,,,,,,,,,,,,,,,1.456,1.037857142857143,0.262283198452505,1.2961428571428573,0.1656546896120849,0.3169999999999999,0.0857857142857143,improving,25,17.150000000000002,21.83,1.272886297376093,0.9205714285714286,0.2099808381280358,5.285714285714286,1.253566341056019,14.417142857142858,0.867688268326331,0.2962022775885724,0.0,0.0,0.0,0.0,0.7714285714285714,0.1356992472871007,0.7557278911564626,0.1494172936852796,0.0,0.7856161245991756,1.2940534414143936,0.5148151070035668,0.4285714285714285,0.262283198452505,0.2527160893554762,0.4181428571428569,2,0.1598571428571427,91.8918918918919,0.6444323451783855,False,0.0,1.0973572296083554,False,0.0,False,0.0,none,none,False,0,False,4,False,97.0,False,91.8918918918919,False,0.0,No drop,False,1.2242282826459725,1.3321345989986328,1.161860133874559,1.0027908481452306,1.2978888853552843,1.203780549803936
27,2026-01-04,Normal,4,4.98,3.83,0.62,0.82,0.623,4.17,3.29,0.92,0.67,0.717,4.5,4.87,0.4,1.0,0.831,0.89,0.77,0.45,0.72,0.61,,,,,,,,,,,,,,,,,,,,,,,,,,,,,,,0.993,1.0384285714285713,0.262163344210473,0.9697142857142858,0.1345693306883287,-0.1784999999999999,0.074,improving,26,14.54,12.760000000000002,0.87757909215956,0.6952499999999999,0.1022883994726022,5.142857142857143,1.3451854182690997,14.767142857142858,0.8655605503091867,0.2960480211083776,0.0,0.0,0.0,0.0,0.8025,0.1456880228433346,0.7655136054421768,0.1528622936166941,0.0,1.1394984326018809,1.296770084970256,0.513795693135704,0.4285714285714285,0.262163344210473,0.2524616053753352,-0.0454285714285712,0,0.0232857142857142,54.54545454545454,0.6451835551128617,False,0.0,0.8082310888882913,False,0.0,False,0.0,none,none,False,0,False,5,False,49.0,False,54.54545454545454,False,0.0,No drop,True,1.1317369695875836,0.9378311890944,1.0808072696147706,0.9218381247906877,1.1393466649705366,1.0423120436115958
28,2026-01-05,Chill,3,4.21,2.65,0.93,0.79,0.741,4.09,3.01,0.62,0.96,0.726,1.21,0.99,0.77,0.79,0.792,,,,,,,,,,,,,,,,,,,,,,,,,,,,,,,,,,,,0.931,1.0605714285714285,0.2420804667480471,0.9058571428571428,0.0874727168348862,-0.2624999999999998,0.025,improving,27,9.510000000000002,6.65,0.6992639327024184,0.7530000000000001,0.0345976877840124,5.142857142857143,1.3451854182690997,14.722857142857142,0.903191795859634,0.2445925540431061,0.0,0.0,0.0,0.0,0.8466666666666667,0.0981495457622363,0.7812278911564626,0.1395410340209077,0.0,1.430075187969925,1.1732961799138903,0.2885928995424219,0.4285714285714285,0.2420804667480471,0.228254750435928,-0.1295714285714284,0,0.0251428571428571,33.33333333333333,0.6974507284493578,False,0.0,0.8008898826552794,False,0.0,False,0.0,none,none,False,0,False,6,False,38.5,False,33.33333333333333,False,0.0,No drop,True,1.05144218175255,0.89900270878125,1.0088997801996806,0.891525270077811,1.0310063991858576,0.97637526799943
29,2026-01-06,Efficient,8,1.66,1.54,0.68,0.72,0.698,1.78,1.52,0.7,0.82,0.673,3.89,4.54,0.8,0.93,1.148,2.63,2.3,0.84,0.91,0.779,3.17,3.19,0.83,0.77,0.999,4.75,4.23,0.2,0.74,0.505,4.28,4.96,0.58,0.67,0.924,1.94,2.21,0.39,0.82,0.857,,,,,,,,,,,1.154,1.087,0.2405105680283785,1.289142857142857,0.1711893966453808,0.0805,0.0219285714285714,improving,28,24.1,24.49,1.0161825726141078,0.822875,0.2032390833476671,5.428571428571429,1.7182493859684502,15.53285714285714,0.9189134051401392,0.2483214304328857,0.0,0.0,0.0,0.0,0.7975,0.0906720936751135,0.789204081632653,0.1254278821629902,0.0,0.9840751327072276,1.1562222253904575,0.2968222184165556,0.4285714285714285,0.2405105680283785,0.2212608721512222,0.0669999999999999,1,-0.135142857142857,54.054054054054056,0.7262341479574322,False,0.0,1.0837155811684,False,0.0,False,0.0,none,none,False,0,False,7,False,77.0,False,54.054054054054056,False,0.0,No drop,False,1.09246530905153,1.2697874893491115,1.055331850535783,0.939815373905272,1.0949630716092116,1.0904726188901817
30,2026-01-07,Normal,6,0.91,0.77,0.72,0.68,0.687,1.33,1.33,0.2,0.82,0.606,1.97,2.09,0.2,0.77,0.653,4.89,5.51,0.64,0.93,0.953,1.16,0.95,0.72,0.65,0.66,2.06,2.37,0.73,0.71,0.943,,,,,,,,,,,,,,,,,,,,,1.161,1.1238571428571429,0.2270032514975859,0.9822857142857142,0.1491472586469653,0.115,0.0035714285714285,stable,29,12.32,13.02,1.0568181818181817,0.7503333333333333,0.155352073261565,5.428571428571429,1.7182493859684502,15.667142857142858,0.9702138182595332,0.2315340836864554,0.0,0.0,0.0,0.0,0.7600000000000001,0.1035374328443582,0.7894421768707484,0.1191570010159021,0.0,0.946236559139785,1.0866489666565582,0.2775149992297954,0.2857142857142857,0.2270032514975859,0.2019858599825983,0.0371428571428571,2,0.1787142857142858,84.84848484848484,0.7833522656107641,False,0.0,0.8033090039093559,False,0.0,False,0.0,none,none,False,0,False,8,False,78.0,False,84.84848484848484,False,0.0,No drop,False,1.119879185430918,1.02709871345664,1.0891456583643324,0.9759968312601468,1.1293022743724217,1.0682845325768917
31,2026-01-08,Chill,4,4.1,3.06,0.29,0.63,0.543,0.64,0.68,0.74,0.97,0.947,2.03,2.05,0.67,0.95,0.896,2.54,2.38,0.78,0.75,0.861,,,,,,,,,,,,,,,,,,,,,,,,,,,,,,,1.121,1.1665714285714286,0.1849782483995145,0.9447142857142856,0.1143047305607752,-0.0164999999999999,-0.0398571428571428,declining,30,9.31,8.17,0.8775510204081634,0.81175,0.1826132068973471,5.285714285714286,1.7994708216848758,15.114285714285716,0.9993285207197496,0.1984981125215452,0.0,0.0,0.0,0.0,0.825,0.1636052158907736,0.7970136054421769,0.1247034881347965,0.0,1.13953488372093,1.037406202297515,0.219786402036904,0.1428571428571428,0.1849782483995145,0.1585657284835417,-0.0455714285714285,0,0.1762857142857143,96.66666666666669,0.8891040559721568,False,0.0,0.8075486090413554,False,0.0,False,0.0,none,none,False,0,False,9,False,74.0,False,96.66666666666669,False,0.0,No drop,True,1.1203275112585507,0.9989014898296875,1.1044357423494529,0.992782431786521,1.1249850916987625,1.068286453384595
32,2026-01-09,Chill,3,2.62,2.26,0.38,0.67,0.629,0.87,0.58,0.36,0.73,0.562,4.31,3.54,0.22,0.88,0.602,,,,,,,,,,,,,,,,,,,,,,,,,,,,,,,,,,,,1.104,1.1314285714285717,0.166796140186014,0.9785714285714284,0.1222713609733927,-0.0284999999999999,-0.0203571428571429,declining,31,7.8,6.38,0.8179487179487179,0.5976666666666667,0.0337095436535906,5.0,2.0000000000000004,13.532857142857145,0.9454614021467488,0.1873950305710144,0.0,0.0,0.0,0.0,0.7599999999999999,0.1081665382639196,0.7947278911564626,0.1207882995095481,0.0,1.2225705329153604,1.092515264807755,0.2092140615689833,0.2857142857142857,0.166796140186014,0.1474208309724871,-0.0274285714285713,0,0.1254285714285715,93.33333333333331,0.8812343611495507,False,0.0,0.8318457954033572,False,0.0,False,0.0,none,none,False,0,False,10,False,72.0,False,93.33333333333331,False,0.0,No drop,True,1.1137965067551305,1.046195819406328,1.1042265860217155,0.9654751402260262,1.114072844015406,1.0687533792849213
33,2026-01-10,Chill,4,4.43,4.05,0.33,0.93,0.694,3.34,2.86,0.22,0.87,0.612,1.57,1.47,0.71,0.88,0.86,2.82,2.04,0.81,0.65,0.724,,,,,,,,,,,,,,,,,,,,,,,,,,,,,,,1.071,1.0764285714285715,0.0856890835965645,0.9995714285714286,0.1239487221163885,-0.0250000000000001,0.0195357142857143,stable,32,12.16,10.42,0.856907894736842,0.7225,0.1031681475391831,4.571428571428571,1.812653934349932,12.82,0.8860359160554273,0.1201501337040378,0.0,0.0,0.0,0.0,0.8325,0.1244655240083239,0.8034523809523809,0.1191834818982943,0.0,1.1669865642994242,1.1469967561935046,0.1597938271706421,0.2857142857142857,0.0856890835965645,0.0796049880790911,-0.0054285714285715,0,0.0714285714285714,73.33333333333333,0.9478949460337248,False,0.0,0.8508329620317624,False,0.0,False,0.0,none,none,False,0,False,11,False,64.0,False,73.33333333333333,False,0.0,No drop,True,1.0966779040530783,1.0573577006734804,1.088277824731292,0.9260927429136556,1.0993093538890943,1.05354310525212
34,2026-01-11,Normal,4,3.98,2.27,0.48,0.7,0.423,2.02,1.65,0.2,0.72,0.506,1.25,0.73,0.2,0.8,0.421,1.43,0.81,0.62,0.62,0.419,,,,,,,,,,,,,,,,,,,,,,,,,,,,,,,0.817,1.0512857142857144,0.1290822919506701,0.929142857142857,0.1279901409893598,-0.1435,-0.0201785714285714,declining,33,8.68,5.46,0.6290322580645161,0.44225,0.0425313609783024,4.571428571428571,1.812653934349932,11.982857142857144,0.850529225470421,0.1547958949664562,0.0,0.0,0.0,0.0,0.71,0.0739369100427294,0.7902380952380952,0.1089333229267792,0.0,1.5897435897435896,1.2113174929280344,0.2310168957581816,0.4285714285714285,0.1290822919506701,0.1227851669594633,-0.2342857142857144,0,-0.1121428571428571,6.0606060606060606,0.8576622763597093,True,0.0406622763597093,0.7755546879556253,False,0.0,True,0.0406622763597093,overall,none,True,1,False,0,False,6.0,True,6.0606060606060606,True,1.4066227635970932,NONE drop | below overall baseline | (0.041 below threshold) | during declining trend | ⚠️ bottom 10% for this day type,False,0.984806742431847,0.943059228073984,0.9580644688602719,0.8362776252635062,0.938968344756979,0.9322352818773176
35,2026-01-12,Efficient,5,1.51,0.92,0.69,0.55,0.388,2.85,1.89,0.82,0.79,0.527,3.79,2.26,0.91,0.72,0.476,3.96,2.31,0.58,0.76,0.384,4.22,3.3,0.2,0.9,0.496,,,,,,,,,,,,,,,,,,,,,,,,,,0.656,1.012,0.1961937817567108,1.1969999999999998,0.2935790637403606,-0.2075000000000001,-0.0797142857142857,declining,34,16.33,10.68,0.6540110226576853,0.4542,0.0648706405086307,4.857142857142857,1.6761634196950523,12.957142857142856,0.8440645240354591,0.1628988864699267,0.0,0.0,0.0,0.0,0.744,0.1273970172335286,0.7755714285714285,0.1131115331369639,0.0,1.5290262172284643,1.2254533542506831,0.2489638471357214,0.4285714285714285,0.1961937817567108,0.1938673732773822,-0.356,0,-0.5409999999999998,2.702702702702702,0.7177093273649338,True,0.0617093273649337,0.8447051235115672,True,0.1887051235115672,True,0.1887051235115672,both,none,True,2,False,0,False,1.0,True,2.702702702702702,True,3.887051235115672,NONE drop | below both overall AND day-type baseline | (0.189 below threshold) | ⚠️ 2 consecutive drops | during declining trend | ⚠️ bottom 10% for this day type,False,0.8532840454591082,1.0549618680769226,0.8130735238073414,0.7461270309657596,0.7623960976286241,0.8459685131875514
36,2026-01-13,Chill,3,3.05,2.62,0.9,0.75,0.869,4.14,3.58,0.28,0.83,0.629,1.96,1.43,0.79,0.92,0.78,,,,,,,,,,,,,,,,,,,,,,,,,,,,,,,,,,,,1.02,0.9928571428571428,0.1863182121814076,0.9945714285714288,0.1220312216099595,0.1014999999999999,-0.0585714285714285,declining,35,9.15,7.63,0.8338797814207651,0.7593333333333333,0.1213273808063675,4.142857142857143,1.0690449676496967,10.82142857142857,0.8180212681506959,0.1443073290902112,0.0,0.0,0.0,0.0,0.8333333333333334,0.0850490054811538,0.7806904761904763,0.112308234823541,0.0,1.1992136304062908,1.2561874253505494,0.2264622773852415,0.4285714285714285,0.1863182121814076,0.1876586309740796,0.0271428571428572,1,0.0254285714285713,53.333333333333336,0.7133798245850314,False,0.0,0.8481339626394774,False,0.0,False,0.0,none,none,False,0,False,1,True,54.0,False,53.333333333333336,False,0.0,No drop,False,0.919970427275465,1.0405467353704143,0.8792899961889922,0.7966385746399012,0.8695593210151165,0.9012010108979778
37,2026-01-14,Efficient,5,3.22,4.09,0.2,0.58,0.72,0.62,0.68,0.66,0.58,0.909,3.24,4.27,0.52,0.93,1.077,1.6,2.24,0.68,0.94,1.239,2.69,2.86,0.67,0.84,0.975,,,,,,,,,,,,,,,,,,,,,,,,,,1.493,1.0402857142857145,0.2628090018027757,1.211857142857143,0.3072292458797006,0.4184999999999998,0.0190357142857143,stable,36,11.37,14.14,1.2436235708003518,0.984,0.193051806518354,4.0,0.8164965809277247,10.685714285714283,0.844707752291006,0.201691103079304,0.0,0.0,0.0,0.0,0.774,0.1813284313062902,0.7826904761904762,0.123421234603817,0.0,0.8041018387553042,1.2358824652956233,0.2624045149489617,0.4285714285714285,0.2628090018027757,0.2526315589974499,0.4527142857142858,2,0.2811428571428571,97.2972972972973,0.6460722115815509,False,0.0,0.8431820478015023,False,0.0,False,0.0,none,none,False,0,False,2,False,99.0,False,97.2972972972973,False,0.0,No drop,False,1.149182256365279,1.20827521425,1.0756771974085149,0.964761689877667,1.193748474087256,1.1183289663977434
38,2026-01-15,Normal,4,4.2,4.32,0.2,0.83,0.662,1.83,2.13,0.45,0.75,0.807,0.51,0.56,0.35,0.86,0.765,1.29,1.22,0.56,0.86,0.75,,,,,,,,,,,,,,,,,,,,,,,,,,,,,,,1.231,1.0559999999999998,0.2715817863308706,0.988,0.1597007618433091,0.1054999999999999,0.051,improving,37,7.83,8.23,1.0510855683269478,0.746,0.0609754048777045,4.0,0.8164965809277247,10.474285714285712,0.8694984019936894,0.2165205513226785,0.0,0.0,0.0,0.0,0.825,0.0519615242270663,0.782690476190476,0.107472135794716,0.0,0.9513973268529768,1.2090056714573445,0.2827629101042843,0.4285714285714285,0.2715817863308706,0.2571797219042335,0.1750000000000002,0,0.243,96.96969696969695,0.6486273205036939,False,0.0,0.796359085788029,False,0.0,False,0.0,none,none,False,0,False,3,False,86.0,False,96.96969696969695,False,0.0,No drop,False,1.1819093538191674,1.0582355368443905,1.12538049423779,0.9709133736963651,1.2131192675618827,1.1099116052319191
39,2026-01-16,Chill,4,0.93,0.77,0.29,0.71,0.589,1.48,0.99,0.49,0.78,0.612,2.74,1.95,0.6,0.52,0.603,3.62,2.56,0.75,0.6,0.681,,,,,,,,,,,,,,,,,,,,,,,,,,,,,,,1.048,1.048,0.2707557324724015,1.0101428571428572,0.1207054660063475,-0.2225000000000001,0.057,improving,38,8.77,6.27,0.7149372862029646,0.6212500000000001,0.0409420321918685,4.142857142857143,0.6900655593423531,10.61285714285714,0.8547824831728674,0.2239801909368365,0.0,0.0,0.0,0.0,0.6525000000000001,0.115289490703475,0.7673333333333333,0.1084897004289382,0.0,1.3987240829346093,1.234170464317237,0.2918633763062133,0.4285714285714285,0.2707557324724015,0.258354706557635,0.0,0,0.0378571428571428,66.66666666666666,0.6418664012913978,False,0.0,0.8652962979352402,False,0.0,False,0.0,none,none,False,0,False,4,False,61.0,False,66.66666666666666,False,0.0,No drop,True,1.1283456122915005,1.0439007044537278,1.088237857003651,0.9246601746187832,1.1272572484297037,1.0624803193594734
40,2026-01-17,Normal,4,0.8,0.94,0.25,0.86,0.739,2.9,2.7,0.2,0.78,0.569,0.77,0.81,0.26,0.96,0.735,2.06,2.27,0.6,0.94,0.929,,,,,,,,,,,,,,,,,,,,,,,,,,,,,,,1.223,1.0697142857142858,0.2788809269716583,1.0214285714285716,0.1827693055401236,-0.004,0.0790357142857142,improving,39,6.53,6.720000000000001,1.0290964777947933,0.743,0.1471416551037355,4.142857142857143,0.6900655593423531,9.808571428571428,0.8793808521811464,0.2335051921743478,0.0,0.0,0.0,0.0,0.885,0.0822597511950204,0.7748333333333334,0.102460304312752,0.0,0.9717261904761904,1.2062761251996323,0.3082266600895811,0.4285714285714285,0.2788809269716583,0.260705994765172,0.1532857142857142,1,0.2015714285714285,93.93939393939394,0.6513928952567984,False,0.0,0.8021054047804232,False,0.0,False,0.0,none,none,False,0,False,5,False,85.0,False,93.93939393939394,False,0.0,No drop,False,1.1662073673749003,1.1241413221066345,1.1421427142021907,0.9680600157198052,1.1770434792462579,1.1155189797299578
41,2026-01-18,Chill,4,4.05,3.65,0.87,0.87,0.913,1.03,0.7,0.77,0.86,0.729,1.76,1.64,0.5,0.83,0.748,3.05,2.25,0.2,0.8,0.551,,,,,,,,,,,,,,,,,,,,,,,,,,,,,,,1.03,1.100142857142857,0.2575133838408072,1.0464285714285713,0.0629466894624787,-0.0090000000000001,0.0386785714285713,improving,40,9.89,8.239999999999998,0.8331648129423658,0.73525,0.1480368760365695,4.142857142857143,0.6900655593423531,9.98142857142857,0.9085426457351248,0.208429316923039,0.0,0.0,0.0,0.0,0.84,0.0316227766016837,0.793404761904762,0.0964154281068883,0.0,1.2002427184466022,1.1506331435857768,0.2586304183427859,0.4285714285714285,0.2575133838408072,0.2340726771699325,-0.0701428571428572,0,-0.0164285714285712,56.66666666666666,0.7138727813816463,False,0.0,0.9708925440735968,False,0.0,False,0.0,none,none,False,0,False,6,False,56.00000000000001,False,56.66666666666666,False,0.0,No drop,True,1.1117244204249401,1.0376453874495504,1.0972856285213144,0.9417140223701981,1.1005808700382038,1.0577900657608414
42,2026-01-19,Normal,4,0.86,0.65,0.94,0.89,0.748,3.38,3.11,0.42,0.86,0.671,2.29,1.5,0.21,0.7,0.433,1.9,1.51,0.42,0.93,0.612,,,,,,,,,,,,,,,,,,,,,,,,,,,,,,,0.918,1.137571428571429,0.1932121952179842,1.0235714285714286,0.1812308446363893,-0.1525000000000002,-0.0442857142857142,declining,41,8.43,6.77,0.8030842230130486,0.616,0.1341069225158294,4.0,0.5773502691896237,8.852857142857143,0.9298388172144624,0.1843082220343949,0.0,0.0,0.0,0.0,0.845,0.1008298897483612,0.8078333333333333,0.0926201241804358,0.0,1.2451994091580505,1.1100864567185749,0.2063941954308,0.4285714285714285,0.1932121952179842,0.1698462095348348,-0.2195714285714286,0,-0.1055714285714285,36.36363636363637,0.8477531357444525,False,0.0,0.8060944150077614,False,0.0,False,0.0,none,none,False,0,False,7,False,32.0,False,36.36363636363637,False,0.0,No drop,True,1.0342346522549641,1.0416847932639808,1.0112285268310834,0.9104058411697326,1.005638817618338,1.0006385262276198
43,2026-01-20,Efficient,7,0.76,1.09,0.85,0.86,1.349,1.86,1.84,0.47,0.76,0.666,1.88,2.34,0.91,0.8,1.23,2.52,2.61,0.85,0.67,0.998,0.59,0.62,0.85,0.65,1.012,2.97,3.45,0.59,0.69,0.941,1.96,2.56,0.2,0.87,0.842,,,,,,,,,,,,,,,,1.406,1.1927142857142858,0.2085391364434301,1.212,0.307334237164253,0.1879999999999999,-0.0323214285714285,declining,42,12.54,14.51,1.157097288676236,1.0054285714285716,0.2289991682247318,4.571428571428571,1.133893419027682,9.337142857142856,0.9760127468223868,0.1963547716632242,0.0,0.0,0.0,0.0,0.7571428571428572,0.0901321780709282,0.7969489795918366,0.0933462916932607,0.0,0.8642315644383184,1.0622318758660074,0.220628621614738,0.4285714285714285,0.2085391364434301,0.1748441675774357,0.213285714285714,1,0.1939999999999999,89.1891891891892,0.8799055810491407,False,0.0,0.8431989154028964,False,0.0,False,0.0,none,none,False,0,False,8,False,96.0,False,89.1891891891892,False,0.0,No drop,False,1.1829407913529786,1.2774788892625,1.1375553982451367,1.0477108093282592,1.2138266324568021,1.1719025041291353
44,2026-01-21,Chill,3,4.74,4.79,0.56,0.84,0.808,4.02,4.08,0.2,0.85,0.637,4.47,3.16,0.84,0.68,0.731,,,,,,,,,,,,,,,,,,,,,,,,,,,,,,,,,,,,1.099,1.1364285714285711,0.161949433613147,1.0704285714285713,0.0391188664749599,0.0905,0.0005357142857142,stable,43,13.23,12.03,0.9092970521541952,0.7253333333333334,0.0856407224008143,4.285714285714286,1.2535663410560172,9.602857142857143,0.9282518155872216,0.1571617336097034,0.0,0.0,0.0,0.0,0.79,0.0953939201416945,0.799234693877551,0.0810699329554613,0.0,1.0997506234413963,1.104467416535449,0.1890112810324151,0.4285714285714285,0.161949433613147,0.1425073583019521,-0.0374285714285713,0,0.0285714285714286,85.0,0.8935044210088506,False,0.0,1.0234859316586191,False,0.0,False,0.0,none,none,False,0,False,9,False,69.5,False,85.0,False,0.0,No drop,True,1.149364474811787,1.0652549630972525,1.125217670806693,0.9805659514477716,1.154116783579265,1.0949039687485538
45,2026-01-22,Normal,4,0.55,0.48,0.21,0.96,0.59,1.33,0.78,0.55,0.77,0.454,0.59,0.33,0.44,0.71,0.411,3.99,3.0,0.55,0.91,0.609,,,,,,,,,,,,,,,,,,,,,,,,,,,,,,,0.811,1.0764285714285715,0.1954165270585347,1.022,0.1833057555015663,-0.2975000000000001,-0.0208214285714286,declining,44,6.46,4.59,0.7105263157894737,0.516,0.098309036546325,4.285714285714286,1.2535663410560172,9.407142857142857,0.8796004937961539,0.165300971832782,0.0,0.0,0.0,0.0,0.8375,0.117011395456454,0.8010204081632654,0.0903627717025167,0.0,1.4074074074074074,1.1696117137575104,0.2053400901087818,0.5714285714285714,0.1954165270585347,0.1815415646197402,-0.2654285714285714,0,-0.2109999999999999,3.0303030303030303,0.7833037808407695,False,0.0,0.8020330933981205,False,0.0,False,0.0,none,none,False,0,False,10,False,5.0,True,3.0303030303030303,True,0.0,No drop,True,1.0140186848870723,0.9494108759583885,0.9743931888194803,0.8637991435029804,0.9756960561180472,0.9554635898571938
46,2026-01-23,Normal,3,4.64,3.33,0.82,0.6,0.599,1.24,1.16,0.79,0.88,0.854,3.52,2.81,0.94,0.74,0.753,,,,,,,,,,,,,,,,,,,,,,,,,,,,,,,,,,,,0.924,1.0587142857142855,0.2038608302132561,1.0121428571428572,0.1869442239202454,-0.0875000000000001,-0.0412142857142857,declining,45,9.4,7.300000000000001,0.7765957446808511,0.7353333333333333,0.1284146928249775,4.142857142857143,1.345185418269098,9.497142857142858,0.8884088450072806,0.1564711713496515,0.0,0.0,0.0,0.0,0.7399999999999999,0.14,0.8135204081632653,0.0938928444591631,0.0,1.287671232876712,1.1537470208920968,0.1882688983971297,0.5714285714285714,0.2038608302132561,0.1925550953302918,-0.1347142857142856,1,-0.0881428571428571,39.39393939393939,0.7529230403944014,False,0.0,0.7878097884385628,False,0.0,False,0.0,none,none,False,0,False,11,False,34.5,False,39.39393939393939,False,0.0,No drop,True,0.9780112109322434,0.9392465255750331,0.9502044581861299,0.8516619743827973,0.9488141069366627,0.9335876552025733
47,2026-01-24,Efficient,8,2.95,2.94,0.55,0.83,0.731,1.46,1.2,0.53,0.6,0.519,3.04,2.7,0.36,0.9,0.601,2.58,1.65,0.88,0.81,0.528,1.42,1.19,0.8,0.85,0.707,4.03,3.38,0.55,0.72,0.571,3.75,3.59,0.44,0.7,0.615,0.51,0.44,0.85,1.0,0.803,,,,,,,,,,,0.894,1.0117142857142858,0.1974982820901774,1.201285714285714,0.31832829714291,0.0415,-0.035392857142857,declining,46,19.74,17.09,0.8657548125633231,0.634375,0.1022447169435034,4.714285714285714,1.976047040118708,11.384285714285712,0.8650743214027846,0.143647752044639,0.0,0.0,0.0,0.0,0.8012499999999999,0.1252925148830299,0.8015561224489796,0.1000403821288788,0.0,1.155061439438268,1.179937770743822,0.1706553671234619,0.5714285714285714,0.1974982820901774,0.1952115185867328,-0.1177142857142857,0,-0.307285714285714,35.13513513513514,0.7154668625790197,False,0.0,0.819291757714222,False,0.0,False,0.0,none,none,False,0,False,12,False,28.000000000000004,False,35.13513513513514,False,0.0,No drop,True,0.9444067265593461,1.143261278020625,0.9322190315665684,0.8145019179383036,0.9203107713295982,0.9509399450828881
48,2026-01-25,Efficient,8,1.51,1.35,0.2,0.8,0.523,0.6,0.45,0.3,0.76,0.467,2.18,1.49,0.87,0.58,0.51,4.11,3.76,0.22,0.72,0.515,3.59,3.58,0.52,0.76,0.696,1.24,1.11,0.55,0.79,0.634,2.2,1.77,0.54,0.77,0.556,3.34,2.19,0.78,0.6,0.462,,,,,,,,,,,0.896,0.9925714285714284,0.2018760817455902,1.1364285714285711,0.3290480497550762,-0.0139999999999999,-0.0451785714285715,declining,47,18.770000000000003,15.7,0.8364411294619071,0.5453749999999999,0.0814369826482854,5.285714285714286,2.288688541085318,12.652857142857144,0.8655423666198622,0.1435317441608472,0.0,0.0,0.0,0.0,0.7224999999999999,0.0853145440623779,0.7847704081632653,0.1077106346232637,0.0,1.1955414012738856,1.1792661540048626,0.1705713686747472,0.4285714285714285,0.2018760817455902,0.2033869562779406,-0.0965714285714285,1,-0.2404285714285713,37.83783783783784,0.6897573059530431,False,0.0,0.7415709117224798,False,0.0,False,0.0,none,none,False,0,False,13,False,29.0,False,37.83783783783784,False,0.0,No drop,True,0.9250440359356077,1.0567198307134065,0.9148338964146157,0.7993556203295911,0.9076691702382071,0.9207245107262857
49,2026-01-26,Normal,3,3.92,3.03,0.38,0.69,0.53,0.78,0.75,0.85,0.9,0.904,3.02,2.92,0.92,0.83,0.927,,,,,,,,,,,,,,,,,,,,,,,,,,,,,,,,,,,,1.032,1.008857142857143,0.1994412432868622,0.9937142857142856,0.1758538354104665,0.0689999999999999,-0.0516071428571428,declining,48,7.720000000000001,6.699999999999999,0.8678756476683936,0.787,0.2228654302488387,5.142857142857143,2.410295378065479,12.551428571428572,0.8747982844277685,0.1408976519129545,0.0,0.0,0.0,0.0,0.8066666666666666,0.1069267662156363,0.7792942176870749,0.1085816169757315,0.0,1.1522388059701494,1.1659860678351623,0.1681845759155848,0.2857142857142857,0.1994412432868622,0.1976902723036017,0.0231428571428571,2,0.0382857142857143,69.6969696969697,0.7096952779268496,False,0.0,0.7826896832217257,False,0.0,False,0.0,none,none,False,0,False,14,False,56.99999999999999,False,69.6969696969697,False,0.0,No drop,False,0.9678264215613647,0.9763479153450199,0.9523270495619387,0.83707269219282,0.9723212017143394,0.9411790560750966
50,2026-01-27,Chill,4,1.39,0.87,0.68,0.72,0.628,4.33,2.7,0.48,0.81,0.591,2.95,1.4,0.27,0.77,0.468,2.35,1.53,0.42,0.75,0.576,,,,,,,,,,,,,,,,,,,,,,,,,,,,,,,0.925,0.9401428571428572,0.0956720589155613,1.0424285714285717,0.0609449400220045,0.0145,-0.0038571428571428,stable,49,11.02,6.5,0.5898366606170599,0.56575,0.0687331797605785,4.714285714285714,2.288688541085317,12.334285714285716,0.7937610518478861,0.1115452506707647,0.0,0.0,0.0,0.0,0.7625,0.0377491721763537,0.7800595238095237,0.1010983304193638,0.0,1.6953846153846153,1.284722217970348,0.2082608291862829,0.4285714285714285,0.0956720589155613,0.1017633205301518,-0.0151428571428571,0,-0.1174285714285714,26.666666666666668,0.7966347687695152,False,0.0,0.9692946434021664,True,0.0442946434021662,True,0.0442946434021662,daytype,none,False,1,False,0,False,36.0,False,26.666666666666668,False,0.4429464340216626,NONE drop | below Chill baseline | (0.044 below threshold),False,0.9506958529368188,1.002140229703489,0.9435823937021184,0.7864844190723954,0.9524010078015139,0.9270607806432671
51,2026-01-28,Normal,6,4.42,3.18,0.5,0.71,0.526,1.65,1.42,0.74,0.86,0.758,1.77,1.18,0.65,0.54,0.486,0.92,0.63,0.61,0.68,0.515,1.91,1.44,0.72,0.91,0.668,3.01,1.76,0.2,0.95,0.452,,,,,,,,,,,,,,,,,,,,,0.844,0.9037142857142858,0.0702820846914145,0.9975714285714288,0.1715758890820203,-0.0940000000000001,0.0085357142857142,stable,50,13.68,9.61,0.702485380116959,0.5675,0.1190390692167911,5.142857142857143,2.1930626551751344,12.39857142857143,0.7642165272711382,0.1028968626336687,0.0,0.0,0.0,0.0,0.775,0.1578290214124132,0.7779166666666665,0.110017630600895,0.0,1.4235171696149844,1.3309745817094318,0.1959209098928424,0.5714285714285714,0.0702820846914145,0.0777702486310309,-0.0597142857142858,0,-0.1535714285714287,24.24242424242424,0.798291158677164,False,0.0,0.7916803616730044,False,0.0,False,0.0,none,none,False,0,False,1,False,14.000000000000002,True,24.24242424242424,True,0.0,No drop,True,0.9080175117620912,0.9234087492070119,0.8957828447251015,0.7443044380672519,0.9177126853050295,0.8778452458132971
52,2026-01-29,Efficient,8,4.52,3.96,0.27,0.72,0.514,4.47,4.15,0.67,0.97,0.781,1.25,1.19,0.59,1.0,0.777,4.51,3.0,0.3,0.88,0.445,1.91,1.55,0.98,0.72,0.714,4.23,3.21,0.84,0.7,0.601,2.07,1.65,0.28,0.93,0.535,4.29,3.46,0.57,0.9,0.602,,,,,,,,,,,0.877,0.9131428571428571,0.0593476440740709,1.0537142857142858,0.3073872228344973,-0.0239999999999999,-0.0075714285714285,stable,51,27.25,22.17,0.8135779816513761,0.6211249999999999,0.1248810147986588,5.714285714285714,2.3603873774083297,15.36857142857143,0.7789381938228386,0.1012944619630337,0.0,0.0,0.0,0.0,0.8525,0.1212730095987679,0.7800595238095237,0.1106264326212256,0.0,1.2291384754172303,1.3055075914251209,0.1959160790325909,0.5714285714285714,0.0593476440740709,0.0649927266142829,-0.0361428571428571,1,-0.1767142857142858,24.324324324324326,0.8241213910317507,False,0.0,0.684849618312889,False,0.0,False,0.0,none,none,False,0,False,2,False,23.0,False,24.324324324324326,True,0.0,No drop,True,0.8956105070572548,0.9938178899637143,0.8867670792570528,0.7456915108527461,0.90468462600742,0.8853143226276377
53,2026-01-30,Efficient,6,1.25,1.19,0.39,0.84,0.633,1.47,0.97,0.24,0.78,0.412,0.77,0.64,0.86,0.69,0.686,2.22,1.84,0.31,0.79,0.52,4.88,4.18,0.43,0.86,0.59,3.33,2.78,0.3,0.66,0.487,,,,,,,,,,,,,,,,,,,,,0.931,0.9141428571428571,0.0596194279616631,1.0218571428571428,0.3068166817343483,0.0435,-0.0041071428571429,stable,52,13.920000000000002,11.6,0.8333333333333333,0.5546666666666666,0.100764411707044,6.142857142857143,2.03540097839643,16.014285714285716,0.7870435636303359,0.1033254350282416,0.0,0.0,0.0,0.0,0.77,0.08,0.784345238095238,0.102055004049797,0.0,1.2000000000000002,1.2929831295855905,0.2000059754492767,0.5714285714285714,0.0596194279616631,0.0652189397924116,0.0168571428571429,2,-0.0908571428571427,43.24324324324324,0.8247137152003625,False,0.0,0.6536771247759249,False,0.0,False,0.0,none,none,False,0,False,3,False,38.5,False,43.24324324324324,False,0.0,No drop,False,0.9097663042343529,0.9718316284764144,0.9009216138947959,0.7586730247016402,0.9131055456850455,0.8908596233984498
54,2026-01-31,Chill,3,1.85,1.59,0.49,1.0,0.756,1.33,0.84,0.82,0.62,0.664,4.24,3.43,0.4,0.86,0.663,,,,,,,,,,,,,,,,,,,,,,,,,,,,,,,,,,,,0.992,0.9281428571428572,0.0653335762872044,1.0264285714285717,0.0566358459601254,0.0574999999999999,0.0013571428571429,stable,53,7.42,5.86,0.7897574123989218,0.6943333333333334,0.0534072404579503,5.428571428571429,2.1491969707422403,14.254285714285716,0.7761867921782787,0.097505291313399,0.0,0.0,0.0,0.0,0.8266666666666667,0.1921804707386609,0.7879761904761905,0.1116104263148871,0.0,1.266211604095563,1.3088617245366323,0.1914609424108629,0.7142857142857143,0.0653335762872044,0.0703917244898308,0.0638571428571428,3,-0.0344285714285714,46.66666666666666,0.8301424927120505,False,0.0,0.9584655562764212,False,0.0,False,0.0,none,none,False,0,False,4,False,48.0,False,46.66666666666666,False,0.0,No drop,False,0.9426597825406118,0.9975771263369189,0.9300666974484612,0.7813636851334729,0.938351771065831,0.9180038125050591
55,2026-02-01,Chill,3,2.46,2.44,0.68,0.97,0.903,3.66,2.79,0.85,0.63,0.759,3.44,3.68,0.69,0.88,0.894,,,,,,,,,,,,,,,,,,,,,,,,,,,,,,,,,,,,1.087,0.9554285714285716,0.0862184379794649,1.0287142857142857,0.0590076669756123,0.0779999999999999,0.0137857142857142,stable,54,9.56,8.91,0.9320083682008368,0.852,0.0806659779584925,4.714285714285714,1.976047040118708,12.93857142857143,0.7898392548552687,0.1128337576830794,0.0,0.0,0.0,0.0,0.8266666666666667,0.1761628034896508,0.8028571428571428,0.1245887490902118,0.0,1.0729517396184065,1.291348915728707,0.2084102088136431,0.7142857142857143,0.0862184379794649,0.0902405899904686,0.1315714285714284,4,0.0582857142857142,80.0,0.8261009144593743,False,0.0,0.9579050853435508,False,0.0,False,0.0,none,none,False,0,False,5,False,67.0,False,80.0,False,0.0,No drop,False,1.000395869524367,1.0378174194853054,0.9802853542649536,0.8273192553960786,0.9896166434943028,0.9670869084330015
56,2026-02-02,Normal,3,1.75,1.57,0.87,0.88,0.858,1.76,1.02,0.55,0.79,0.45,3.07,2.17,0.51,0.83,0.548,,,,,,,,,,,,,,,,,,,,,,,,,,,,,,,,,,,,0.838,0.9277142857142856,0.0886485839061809,0.9414285714285716,0.144648835855273,-0.0770000000000001,0.0121428571428572,stable,55,6.58,4.76,0.7234042553191489,0.6186666666666667,0.2129820023695273,4.714285714285714,1.976047040118708,12.775714285714288,0.7692004845196623,0.1093396542207063,0.0,0.0,0.0,0.0,0.8333333333333334,0.0450924975282289,0.8066666666666666,0.1157552821348679,0.0,1.3823529411764706,1.3242223636153243,0.2008209633004228,0.8571428571428571,0.0886485839061809,0.0955559112016116,-0.0897142857142857,0,-0.1034285714285715,21.21212121212121,0.7947414098550143,False,0.0,0.7678499684022441,False,0.0,False,0.0,none,none,False,0,False,6,False,11.0,True,21.21212121212121,True,0.0,No drop,True,0.9354375217146202,0.8892452495242071,0.9119883842177758,0.7653176736136155,0.9358542405247898,0.8875686139190018
57,2026-02-03,Normal,4,2.05,1.64,0.68,0.71,0.637,2.4,1.81,0.53,0.7,0.557,1.66,1.0,0.77,0.69,0.507,2.55,1.88,0.78,0.71,0.63,,,,,,,,,,,,,,,,,,,,,,,,,,,,,,,0.837,0.9151428571428571,0.0951024510224418,0.8862857142857142,0.0773276886281453,-0.1250000000000003,0.0020357142857143,stable,56,8.66,6.33,0.73094688221709,0.58275,0.0621201792227506,4.714285714285714,1.976047040118708,12.43857142857143,0.7893590876053809,0.0797687613524331,0.0,0.0,0.0,0.0,0.7024999999999999,0.0095742710775633,0.798095238095238,0.1117302962636121,0.0,1.368088467614534,1.2774657710767414,0.1230405902716277,0.8571428571428571,0.0951024510224418,0.1039208799808137,-0.0781428571428572,0,-0.0492857142857142,18.181818181818183,0.7724891806091945,False,0.0,0.7934924879319398,False,0.0,False,0.0,none,none,False,0,False,7,False,10.0,True,18.181818181818183,True,0.0,No drop,True,0.8960625130287722,0.8683471497145242,0.8759939597932433,0.7458283716425513,0.8982491182533119,0.8568962224864805
58,2026-02-04,Chill,5,3.41,2.22,0.44,1.0,0.636,1.02,0.51,0.87,0.75,0.616,2.9,1.71,0.58,0.75,0.581,1.47,0.88,0.8,0.88,0.688,3.16,1.64,0.25,0.57,0.442,,,,,,,,,,,,,,,,,,,,,,,,,,0.86,0.9174285714285714,0.0932824691333736,1.0058571428571428,0.0871998252510263,0.0109999999999999,-0.0140357142857142,stable,57,11.96,6.96,0.5819397993311036,0.5926,0.0926649879943875,4.571428571428571,1.9023794624226849,12.192857142857145,0.7721382903502586,0.109223136144102,0.0,0.0,0.0,0.0,0.7899999999999999,0.1610900369358701,0.8002380952380952,0.112196155624106,0.0,1.7183908045977012,1.3195905760742723,0.204734096217617,0.8571428571428571,0.0932824691333736,0.1016781818644683,-0.0574285714285713,1,-0.1458571428571428,10.0,0.777504867728511,False,0.0,0.9012173525559112,True,0.0412173525559111,True,0.0412173525559111,daytype,none,True,1,False,0,False,19.0,True,10.0,True,1.412173525559112,NONE drop | below Chill baseline | (0.041 below threshold) | during declining trend | ⚠️ bottom 10% for this day type,False,0.8816375078172634,0.957799580716918,0.8708758926594056,0.7378270812735521,0.8825500406048012,0.866138020614388
59,2026-02-05,Efficient,7,3.12,2.41,0.68,0.74,0.562,1.14,1.1,0.2,1.0,0.616,0.82,0.65,0.92,0.96,0.738,1.13,0.92,0.38,0.79,0.528,0.68,0.44,0.43,0.51,0.369,4.55,3.09,0.37,0.67,0.416,4.22,4.2,0.66,0.91,0.82,,,,,,,,,,,,,,,,0.878,0.9175714285714286,0.0932109742159445,1.0535714285714286,0.2722197991469746,0.0204999999999998,-0.0240357142857143,declining,58,15.659999999999998,12.81,0.8180076628352492,0.5784285714285714,0.1624231686499364,4.428571428571429,1.6183471874253752,10.537142857142856,0.7727711019479548,0.1095156830308836,0.0,0.0,0.0,0.0,0.7971428571428572,0.1743286442053519,0.7923299319727891,0.1197755319964751,0.0,1.2224824355971895,1.318639713242838,0.2052390396493166,0.8571428571428571,0.0932109742159445,0.1015844339890411,-0.0395714285714285,2,-0.1755714285714286,27.027027027027028,0.7777549672475118,False,0.0,0.7269076695950591,False,0.0,False,0.0,none,none,False,0,False,1,False,24.0,False,27.027027027027028,False,0.0,No drop,True,0.880182504690358,0.9389905585096694,0.8731556070083957,0.7383842255100618,0.8808535857348188,0.8623132962906606
60,2026-02-06,Normal,4,4.27,4.21,0.32,0.73,0.629,1.56,1.38,0.87,0.76,0.812,4.02,3.23,0.72,0.91,0.71,1.17,1.1,0.56,0.77,0.723,,,,,,,,,,,,,,,,,,,,,,,,,,,,,,,1.018,0.93,0.1007918647510788,0.9005714285714286,0.0920069873122997,0.079,-0.0113571428571428,stable,59,11.02,9.92,0.9001814882032668,0.7184999999999999,0.0749333036773369,4.142857142857143,1.463850109422801,10.122857142857145,0.7823208383579452,0.118243639275844,0.0,0.0,0.0,0.0,0.7925,0.080156097709407,0.7955442176870748,0.1197978316692476,0.0,1.1108870967741935,1.305909298496294,0.2162905854982035,0.7142857142857143,0.1007918647510788,0.1083783491947084,0.088,3,0.1174285714285714,63.63636363636363,0.7788122028733818,False,0.0,0.7901630437966689,False,0.0,False,0.0,none,none,False,0,False,2,False,53.0,False,63.63636363636363,False,0.0,No drop,False,0.9353095028142148,0.9282082898287145,0.9195058127657091,0.7814621110151546,0.9361465570856651,0.9001264547018917
61,2026-02-07,Chill,3,1.17,0.89,0.38,0.78,0.617,2.19,1.53,0.83,1.0,0.796,4.4,4.15,0.42,0.96,0.754,,,,,,,,,,,,,,,,,,,,,,,,,,,,,,,,,,,,0.991,0.9298571428571428,0.1006900004492797,0.9977142857142856,0.0852480973115417,0.0565,0.0040357142857143,stable,60,7.76,6.57,0.8466494845360826,0.7223333333333333,0.093607335894861,4.142857142857143,1.463850109422801,10.171428571428573,0.7904482772346826,0.1207682592281286,0.0,0.0,0.0,0.0,0.9133333333333334,0.1171893055416462,0.8079251700680272,0.109084808069674,0.0,1.1811263318112633,1.2937542595985367,0.2212277752644227,0.5714285714285714,0.1006900004492797,0.1082854513972896,0.061142857142857,0,-0.0067142857142856,43.333333333333336,0.7788221421832233,False,0.0,0.8954165689404355,False,0.0,False,0.0,none,none,False,0,False,3,False,46.5,False,43.333333333333336,False,0.0,No drop,False,0.957585701688529,0.9727397693943048,0.9423839526806822,0.7923955815961636,0.9582393298524208,0.9246688670424202
62,2026-02-08,Chill,5,2.48,1.76,0.36,1.0,0.644,3.75,2.49,0.77,0.69,0.682,1.75,0.9,0.31,0.76,0.492,1.14,0.78,0.48,0.91,0.644,3.26,1.56,0.42,0.66,0.473,,,,,,,,,,,,,,,,,,,,,,,,,,0.923,0.9064285714285716,0.073418565188142,0.9824285714285717,0.0880413863718973,-0.0475,0.02575,improving,61,12.38,7.49,0.6050080775444264,0.587,0.0968813707582629,4.428571428571429,1.397276262011545,10.574285714285711,0.7437339499980525,0.1201270468743921,0.0,0.0,0.0,0.0,0.8039999999999999,0.146047937335657,0.804687074829932,0.1047826843333892,0.0,1.6528704939919894,1.3765997959376202,0.2330298292876048,0.7142857142857143,0.073418565188142,0.0809976290491717,0.0165714285714285,0,-0.0594285714285715,20.0,0.7963007236463586,False,0.0,0.876778907782295,False,0.0,False,0.0,none,none,False,0,False,4,False,33.0,False,20.0,True,0.0,No drop,True,0.9437514210131175,0.9503568731668677,0.9330796553939548,0.7657929343981883,0.9469627442996461,0.9079887256543548
63,2026-02-09,Efficient,6,3.1,2.45,0.66,0.86,0.606,1.59,1.13,0.81,0.75,0.562,1.82,1.08,0.73,0.66,0.413,2.97,1.84,0.86,0.7,0.478,4.2,3.11,1.0,0.97,0.719,1.86,1.2,0.33,0.62,0.38,,,,,,,,,,,,,,,,,,,,,0.705,0.8874285714285716,0.104646798235551,0.941,0.2176847874029484,-0.1429999999999999,-0.0056071428571428,stable,62,15.54,10.81,0.6956241956241955,0.5263333333333334,0.1275408431313932,4.857142857142857,1.3451854182691,11.854285714285714,0.7397653700416306,0.1213631251909301,0.0,0.0,0.0,0.0,0.7599999999999999,0.1322119510483072,0.7942108843537415,0.1172283205505433,0.0,1.437557816836263,1.384486206746162,0.2341882509615267,0.7142857142857143,0.104646798235551,0.1179213759898353,-0.1824285714285716,0,-0.236,5.405405405405405,0.730458374075245,True,0.025458374075245,0.679778255116462,False,0.0,True,0.025458374075245,overall,none,False,1,False,0,False,2.0,True,5.405405405405405,True,0.2545837407524509,NONE drop | below overall baseline | (0.025 below threshold) | ⚠️ bottom 10% for this day type,False,0.8482508526078705,0.8570938630312851,0.8236014208048565,0.6959995171822045,0.8355519877733668,0.8120995282799168
64,2026-02-10,Chill,4,1.72,1.28,0.41,0.71,0.599,3.17,2.9,0.41,0.89,0.719,4.4,3.52,0.2,0.82,0.575,3.54,2.3,0.75,0.75,0.677,,,,,,,,,,,,,,,,,,,,,,,,,,,,,,,1.041,0.9165714285714284,0.1160471989362609,0.9741428571428572,0.0773184509489349,0.0589999999999999,0.0036428571428571,stable,63,12.83,10.0,0.779423226812159,0.6425000000000001,0.0670596749171959,4.857142857142857,1.3451854182691,12.45,0.7466905621266404,0.1221565394721573,0.0,0.0,0.0,0.0,0.7925,0.0793200268952719,0.8070680272108843,0.1271919999530731,0.0,1.283,1.372330711372657,0.2373678906841946,0.7142857142857143,0.1160471989362609,0.1266100985900603,0.1244285714285714,1,0.0668571428571428,61.66666666666667,0.742500630167037,False,0.0,0.8813607160041353,False,0.0,False,0.0,none,none,False,0,False,1,True,59.5,False,61.66666666666667,False,0.0,No drop,False,0.9253505115647223,0.9911462802417772,0.8931689661473023,0.768564224810712,0.911845320080322,0.8980150605689671
65,2026-02-11,Chill,3,3.35,2.55,0.42,0.93,0.667,3.97,1.79,0.36,0.52,0.425,3.74,2.11,0.53,0.81,0.57,,,,,,,,,,,,,,,,,,,,,,,,,,,,,,,,,,,,0.929,0.9264285714285716,0.1133399857991527,0.9747142857142858,0.0769084180171765,0.1119999999999999,-0.0031071428571429,stable,64,11.06,6.449999999999999,0.5831826401446654,0.5539999999999999,0.1217908042505673,4.571428571428571,1.51185789203691,12.321428571428571,0.7468681108142922,0.121877757650356,0.0,0.0,0.0,0.0,0.7533333333333334,0.2107921567168317,0.8018299319727892,0.1342923027789247,0.0,1.714728682170543,1.3718075510259202,0.2364804289201425,0.7142857142857143,0.1133399857991527,0.1223407711016297,0.0025714285714285,0,-0.0457142857142857,30.0,0.7564185927298426,False,0.0,0.882424184093674,False,0.0,False,0.0,none,none,False,0,False,2,False,37.0,False,30.0,False,0.0,No drop,False,0.9268103069388334,0.9631804541329774,0.9046348969801656,0.7632314324681942,0.9196225647942633,0.8954959310628869
66,2026-02-12,Efficient,7,1.92,1.67,0.77,0.89,0.739,1.79,1.38,0.2,0.61,0.417,0.59,0.4,0.38,0.71,0.426,4.84,3.99,0.33,0.72,0.506,2.85,2.82,0.58,0.9,0.772,2.07,1.6,0.64,0.63,0.519,4.31,2.79,0.57,0.53,0.384,,,,,,,,,,,,,,,,0.89,0.9281428571428572,0.11257357382534,0.8672857142857142,0.0737783036890816,-0.0755,-0.0139285714285714,stable,65,18.37,14.65,0.7974959172563962,0.5375714285714286,0.1567597494499753,4.571428571428571,1.51185789203691,12.70857142857143,0.7439378614458845,0.1201161668643753,0.0,0.0,0.0,0.0,0.7128571428571429,0.139846855013414,0.7897891156462585,0.1293663328943622,0.0,1.253924914675768,1.376299333751431,0.2334505845799112,0.7142857142857143,0.11257357382534,0.1212890590699369,-0.0381428571428571,0,0.0227142857142857,29.72972972972973,0.7592824964048471,False,0.0,0.7787517498588163,False,0.0,False,0.0,none,none,False,0,False,3,False,26.0,False,29.72972972972973,False,0.0,No drop,True,0.9120861841633001,0.8686110109703353,0.8976101464296862,0.7524910426092778,0.9062836928552117,0.8674164154055622
67,2026-02-13,Efficient,4,4.72,3.71,0.26,0.97,0.531,1.58,1.33,0.38,0.91,0.58,4.53,3.34,0.78,0.8,0.587,1.24,1.1,0.47,0.88,0.634,,,,,,,,,,,,,,,,,,,,,,,,,,,,,,,0.855,0.9048571428571428,0.1076389467485751,0.8617142857142858,0.0728919618012738,-0.0369999999999999,-0.0089285714285715,stable,66,12.07,9.48,0.7854183927091963,0.583,0.0421505239192428,4.571428571428571,1.51185789203691,12.858571428571429,0.7275431335181602,0.1016484260395936,0.0,0.0,0.0,0.0,0.89,0.0707106781186547,0.8037176870748299,0.1280169872385404,0.0,1.2732067510548524,1.3994878557915256,0.209529442972094,0.8571428571428571,0.1076389467485751,0.1189568404231174,-0.0498571428571428,0,-0.0067142857142857,21.62162162162162,0.7433987227342802,False,0.0,0.7742439315527572,False,0.0,False,0.0,none,none,False,0,False,4,False,18.0,True,21.62162162162162,True,0.0,No drop,True,0.88925171049798,0.863847157130718,0.8771572761434367,0.7300971518830992,0.8842032021179621,0.8489112995546393
68,2026-02-14,Chill,4,0.54,0.35,0.89,0.83,0.745,3.56,1.69,0.83,0.62,0.562,1.25,0.73,0.67,0.82,0.625,1.39,1.03,0.53,0.82,0.666,,,,,,,,,,,,,,,,,,,,,,,,,,,,,,,0.865,0.8868571428571429,0.1011738249605231,0.9565714285714284,0.0865291032791032,-0.0125000000000001,-0.0008928571428571,stable,67,6.739999999999999,3.8,0.5637982195845698,0.6495,0.0767007170761786,4.714285714285714,1.3801311186847098,12.712857142857144,0.6871358099536584,0.1026249047914706,0.0,0.0,0.0,0.0,0.7725,0.1017758976051468,0.7835986394557823,0.1258150718190405,0.0,1.7736842105263158,1.4841389813222474,0.225682664450061,1.0,0.1011738249605231,0.1140813103614146,-0.0218571428571429,1,-0.0915714285714285,13.333333333333334,0.7350964054163582,False,0.0,0.8527365046365045,False,0.0,False,0.0,none,none,False,0,False,5,False,20.0,True,13.333333333333334,True,0.0,No drop,True,0.879551026298788,0.9189992497731376,0.871321783594587,0.7138912606137808,0.876431756478905,0.8520390153518396
69,2026-02-15,Chill,4,4.07,4.28,0.61,0.94,0.868,3.91,2.85,0.84,0.61,0.731,3.04,3.02,0.54,0.83,0.795,3.35,2.54,0.81,0.67,0.747,,,,,,,,,,,,,,,,,,,,,,,,,,,,,,,1.075,0.9085714285714284,0.1239675456760845,0.9548571428571428,0.083583149361237,0.11,0.0244285714285714,improving,68,14.37,12.69,0.8830897703549061,0.78525,0.0615054198153842,4.571428571428571,1.397276262011545,12.997142857142858,0.7268617660694412,0.1181786469304065,0.0,0.0,0.0,0.0,0.7625,0.1504160895649132,0.7776700680272108,0.1264390935660771,0.0,1.132387706855792,1.4097842974456476,0.2456807863942915,0.8571428571428571,0.1239675456760845,0.1364422672535522,0.1664285714285714,2,0.1201428571428572,76.66666666666667,0.7226201100573015,False,0.0,0.8545573636236584,False,0.0,False,0.0,none,none,False,0,False,6,False,66.0,False,76.66666666666667,False,0.0,No drop,False,0.9577306157792729,0.9891995873752257,0.9364988128443192,0.780911395806768,0.9748958276729898,0.9278472478957152
70,2026-02-16,Normal,3,1.19,1.08,0.2,0.75,0.55,3.36,1.78,0.28,0.77,0.395,2.37,2.01,0.28,0.75,0.551,,,,,,,,,,,,,,,,,,,,,,,,,,,,,,,,,,,,0.989,0.9491428571428572,0.0872857922219262,0.926,0.0876184911990613,0.062,0.0039642857142857,stable,69,6.92,4.87,0.703757225433526,0.4986666666666666,0.0897793591719908,4.142857142857143,1.3451854182691003,11.765714285714283,0.7280236274707742,0.1178599027652985,0.0,0.0,0.0,0.0,0.7566666666666667,0.0115470053837925,0.7771938775510204,0.1092012441854321,0.0,1.4209445585215603,1.4074109748292616,0.2454479059617867,0.8571428571428571,0.0872857922219262,0.0919627552007049,0.0398571428571428,0,0.0629999999999999,46.96969696969697,0.8182141688099679,False,0.0,0.8208578105611265,False,0.0,False,0.0,none,none,False,0,False,7,False,44.5,False,46.96969696969697,False,0.0,No drop,False,0.9702383694675638,0.9525249738972288,0.953299192734137,0.7908096247133011,0.9798202030937804,0.9293384727812022
71,2026-02-17,Normal,6,3.03,2.32,0.74,0.77,0.648,4.57,4.32,0.86,0.72,0.846,1.65,1.16,0.61,0.69,0.535,1.83,1.75,0.41,0.96,0.723,2.09,1.95,0.82,0.85,0.857,4.69,3.51,0.44,0.88,0.573,,,,,,,,,,,,,,,,,,,,,0.957,0.9371428571428572,0.0778126565785366,0.9307142857142858,0.088377437327473,-0.059,0.0179285714285714,stable,70,17.86,15.010000000000002,0.8404255319148938,0.697,0.1360132346501618,4.428571428571429,1.5118578920369106,12.484285714285717,0.7367382424854505,0.1243693409334375,0.0,0.0,0.0,0.0,0.8116666666666665,0.1030372101071582,0.7799319727891156,0.1125894132157016,0.0,1.1898734177215189,1.394107177360907,0.2556278571644859,0.7142857142857143,0.0778126565785366,0.0830317981783165,0.0198571428571427,0,0.0262857142857141,42.42424242424242,0.8204238722750523,False,0.0,0.8246613609213183,False,0.0,False,0.0,none,none,False,0,False,8,False,41.0,False,42.42424242424242,False,0.0,No drop,True,0.9649430216805382,0.9543149843383373,0.9550755802217512,0.7845452517525277,0.9725177381037706,0.9262793152193851
72,2026-02-18,Efficient,7,1.87,2.03,0.21,0.84,0.729,2.4,2.61,0.9,0.83,1.119,4.13,5.91,0.28,0.72,0.897,0.85,1.03,0.31,0.87,0.859,1.83,2.37,0.24,0.74,0.816,2.16,3.03,0.5,0.91,1.111,3.78,5.17,0.78,0.92,1.278,,,,,,,,,,,,,,,,1.503,1.0191428571428571,0.2270788619044258,0.9484285714285712,0.2547272117009734,0.2569999999999999,0.0773928571428571,improving,71,17.02,22.15,1.3014101057579317,0.9727142857142858,0.1984697410066282,5.0,1.6329931618554536,13.335714285714284,0.8393421661444885,0.2289062515147019,0.0,0.0,0.0,0.0,0.8328571428571429,0.0778276484107213,0.7912925170068027,0.0935944834576858,0.0,0.7683972911963883,1.2589169786503136,0.3035494445327348,0.5714285714285714,0.2270788619044258,0.2228135734974742,0.4838571428571427,1,0.5545714285714286,100.0,0.6785245642862184,False,0.0,0.6427559173874031,False,0.0,False,0.0,none,none,False,0,False,9,False,100.0,False,100.0,False,0.0,No drop,False,1.180165813008323,1.0875506521349667,1.1304113945507908,0.9745187389534118,1.2483685142898098,1.1242030225874604
73,2026-02-19,Efficient,8,1.03,1.37,0.2,0.98,0.888,2.24,3.12,0.2,0.91,0.898,3.27,4.45,0.81,1.0,1.318,2.43,2.65,0.77,0.72,1.01,3.55,4.43,0.83,0.86,1.204,4.33,6.18,0.71,0.85,1.243,0.59,0.67,0.83,0.8,1.096,1.61,1.8,0.51,0.65,0.853,,,,,,,,,,,1.464,1.1011428571428572,0.2718887202339884,1.0322857142857145,0.3164394172063665,0.2535000000000002,0.1066071428571428,improving,72,19.05,24.67,1.29501312335958,1.0637500000000002,0.1785455124051008,5.142857142857143,1.8644544714716096,13.432857142857143,0.9104160527306576,0.2842864937339151,0.0,0.0,0.0,0.0,0.8462500000000001,0.1209412490190411,0.8103486394557823,0.0908936826013468,0.0,0.7721929468990677,1.190098126110785,0.3551001531925536,0.4285714285714285,0.2718887202339884,0.2469150287542707,0.3628571428571427,0,0.4317142857142857,94.5945945945946,0.6933097767918746,False,0.0,0.6525584136380747,False,0.0,False,0.0,none,none,False,0,False,10,False,98.0,False,94.5945945945946,False,0.0,No drop,False,1.2936994878049939,1.2193079238877282,1.2371597482945378,1.0665043733706878,1.3604968868591087,1.2354336840434113
74,2026-02-20,Efficient,6,3.39,3.6,0.84,0.74,1.036,2.44,2.13,0.43,0.65,0.541,3.67,3.55,0.39,0.7,0.601,3.46,3.64,0.5,0.81,0.865,3.31,3.11,0.9,0.66,0.797,3.19,3.73,0.28,0.92,0.843,,,,,,,,,,,,,,,,,,,,,1.196,1.149857142857143,0.25011359324077,1.070142857142857,0.3181495605169727,-0.1534999999999999,0.0816071428571428,improving,73,19.46,19.76,1.015416238437821,0.7805,0.1823071583893512,5.428571428571429,1.8126539343499328,14.48857142857143,0.9432728878347468,0.2807004589158572,0.0,0.0,0.0,0.0,0.7466666666666667,0.1030857248442609,0.7898724489795919,0.0955186892764334,0.0,0.9848178137651824,1.1488997064979751,0.3605386034418303,0.2857142857142857,0.25011359324077,0.2175171018369226,0.0461428571428572,0,0.1258571428571429,59.45945945945946,0.774686752995988,False,0.0,0.6883633845224899,False,0.0,False,0.0,none,none,False,0,False,11,False,81.0,False,59.45945945945946,False,0.0,No drop,True,1.2546196926829962,1.2111501505270235,1.2174030691131597,1.047422159925995,1.2749585056923722,1.2011107155883094
75,2026-02-21,Chill,4,0.57,0.52,0.9,0.76,0.902,3.53,3.82,0.67,0.88,0.882,3.87,4.08,0.31,0.88,0.703,3.26,3.05,0.69,0.84,0.839,,,,,,,,,,,,,,,,,,,,,,,,,,,,,,,1.124,1.1868571428571428,0.2180530734870359,0.9925714285714288,0.0927107637455636,-0.1699999999999999,0.0381428571428571,improving,74,11.23,11.47,1.0213713268032056,0.8314999999999999,0.0896084073436565,5.428571428571429,1.8126539343499328,15.13,1.0086404745802664,0.2254419283543007,0.0,0.0,0.0,0.0,0.8400000000000001,0.0565685424949238,0.7995153061224489,0.0890604956892587,0.0,0.979075850043592,1.0353842264290145,0.2338848091371779,0.1428571428571428,0.2180530734870359,0.1837230999529672,-0.0628571428571427,0,0.1314285714285714,100.0,0.859777532626589,False,0.0,0.8813185120767525,False,0.0,False,0.0,none,none,False,0,False,12,False,75.0,False,100.0,False,0.0,No drop,True,1.2023718156097978,1.0498597730563741,1.172569595938843,1.0423899374421173,1.1964600827323388,1.1327302409558944
76,2026-02-22,Chill,5,1.46,0.88,0.85,0.75,0.681,4.2,3.57,0.57,0.76,0.718,3.82,2.65,0.7,0.6,0.651,2.16,1.8,0.69,1.0,0.823,1.62,1.23,0.31,0.65,0.561,,,,,,,,,,,,,,,,,,,,,,,,,,0.998,1.175857142857143,0.2264180709597683,0.9935714285714284,0.0927287390597923,-0.099,0.0019285714285714,stable,75,13.260000000000002,10.13,0.7639517345399698,0.6868000000000001,0.0957402736574321,5.571428571428571,1.7182493859684502,14.971428571428572,0.9916207551781326,0.2404947271050401,0.0,0.0,0.0,0.0,0.752,0.1541752249876743,0.798015306122449,0.0895975150353674,0.0,1.3089832181638696,1.0606121566158828,0.2546907332117496,0.2857142857142857,0.2264180709597683,0.1925557643929508,-0.1778571428571429,0,0.0044285714285714,50.0,0.8362300364174905,False,0.0,0.8822969416996777,False,0.0,False,0.0,none,none,False,0,False,13,False,50.0,False,50.0,False,0.0,No drop,True,1.1206230893658786,1.0265228751810058,1.0887761898881982,0.9847022599279477,1.0932608397115224,1.0627770508149106
77,2026-02-23,Efficient,6,2.33,1.66,0.9,0.92,0.633,4.74,3.84,0.65,0.97,0.65,0.54,0.47,0.99,0.83,0.824,4.14,3.41,0.92,0.77,0.721,1.93,1.67,0.75,0.67,0.656,0.56,0.36,0.23,0.46,0.335,,,,,,,,,,,,,,,,,,,,,0.843,1.1549999999999998,0.2518015091297108,1.0651428571428572,0.3219251613711013,-0.1405000000000001,-0.0604285714285714,declining,76,14.24,11.409999999999998,0.8012640449438201,0.6365,0.163568640026137,6.0,1.2909944487358067,16.017142857142858,1.0055503008224602,0.2232481139424513,0.0,0.0,0.0,0.0,0.77,0.1855801713545927,0.7999200680272109,0.1144593958883389,0.0,1.248028045574058,1.0359097976233824,0.2199310677219641,0.2857142857142857,0.2518015091297108,0.2180099646144682,-0.3119999999999998,0,-0.2221428571428572,13.513513513513514,0.7772977363054336,False,0.0,0.6788326634975357,False,0.0,False,0.0,none,none,False,0,False,14,False,13.0,True,13.513513513513514,True,0.0,No drop,True,1.0095738536195271,1.0822975978425653,0.9708036187418629,0.9146362766568947,0.9631252030615307,0.9880873099844761
78,2026-02-24,Normal,4,3.8,3.44,0.68,0.67,0.714,1.5,1.36,0.2,0.72,0.542,4.82,4.56,0.86,0.63,0.817,3.63,3.56,0.87,0.89,0.937,,,,,,,,,,,,,,,,,,,,,,,,,,,,,,,1.092,1.1742857142857142,0.2389509812253787,0.9392857142857144,0.101737758126329,0.047,-0.0954642857142857,declining,77,13.75,12.919999999999998,0.9396363636363636,0.7525,0.1673250329946678,5.714285714285714,1.4960264830861925,15.43,1.0197232767826705,0.213974557424002,0.0,0.0,0.0,0.0,0.7275,0.1144188212955659,0.7878962585034015,0.1160853403438257,0.0,1.0642414860681115,1.0179623788157528,0.2101829229739933,0.2857142857142857,0.2389509812253787,0.2034862370532422,-0.082285714285714,1,0.1527142857142858,78.78787878787878,0.8158592424476461,False,0.0,0.8172004045341196,False,0.0,False,0.0,none,none,False,0,False,15,False,68.0,False,78.78787878787878,False,0.0,No drop,True,1.0425443121717164,1.0093889906030025,1.0095864607444667,0.9584893395683795,1.0301400974695347,1.01002984011142
79,2026-02-25,Efficient,5,2.48,3.08,0.81,0.85,1.183,3.98,4.9,0.43,0.98,0.985,1.5,1.7,0.36,0.95,0.88,2.59,3.11,0.58,1.0,1.067,2.32,2.42,0.29,0.69,0.707,,,,,,,,,,,,,,,,,,,,,,,,,,1.386,1.1575714285714285,0.2150192682395825,1.1624285714285716,0.296875314536174,0.2714999999999998,-0.0258214285714285,declining,78,12.87,15.21,1.1818181818181817,0.9644,0.1817382733493416,5.428571428571429,1.397276262011545,14.83714285714286,1.002638716219849,0.1913089911207108,0.0,0.0,0.0,0.0,0.8940000000000001,0.1277888884058391,0.7966309523809524,0.1232226603431282,0.0,0.8461538461538463,1.0290704580953896,0.1963979292233615,0.2857142857142857,0.2150192682395825,0.1857503242844722,0.2284285714285714,2,0.2235714285714283,78.37837837837837,0.8350425262120547,False,0.0,0.8061781939851629,False,0.0,False,0.0,none,none,False,0,False,16,False,92.0,False,78.37837837837837,False,0.0,No drop,False,1.1799265873030298,1.1885934385976675,1.1300387933062375,1.0405210538972538,1.2151872467853766,1.1508534239779131
80,2026-02-26,Efficient,6,2.66,1.87,0.61,0.8,0.494,4.95,3.57,0.71,0.89,0.567,2.19,1.69,0.61,0.74,0.536,4.24,4.0,0.95,0.88,0.901,2.42,2.02,0.24,0.69,0.477,0.57,0.4,0.2,0.62,0.394,,,,,,,,,,,,,,,,,,,,,0.85,1.0698571428571428,0.1933239324479581,1.1567142857142856,0.30330826688685,-0.1209999999999999,-0.015,stable,79,17.029999999999998,13.55,0.7956547269524369,0.5615,0.1764616105559506,5.142857142857143,0.8997354108424402,14.54857142857143,0.9313018024473996,0.1534772901216133,0.0,0.0,0.0,0.0,0.77,0.1069579356569675,0.7857380952380952,0.1212250441485463,0.0,1.2568265682656825,1.0983038325763348,0.1750080229526171,0.4285714285714285,0.1933239324479581,0.1807006979751244,-0.2198571428571428,0,-0.3067142857142856,18.91891891891892,0.7798712441852057,False,0.0,0.7927443654500657,False,0.0,False,0.0,none,none,False,0,False,17,False,17.0,True,18.91891891891892,True,0.0,No drop,True,1.0479559523818178,1.070085735088484,0.9956201725192435,0.8924580644141743,1.0252898784569808,1.00628196057214
81,2026-02-27,Efficient,6,3.19,2.92,0.77,0.92,0.796,3.72,2.72,0.55,0.7,0.482,1.35,1.29,0.63,0.93,0.774,1.72,1.24,0.5,0.81,0.495,1.48,1.07,0.28,0.82,0.459,1.34,1.29,0.9,0.86,0.89,,,,,,,,,,,,,,,,,,,,,0.898,1.0272857142857144,0.1937272260040851,1.1628571428571426,0.2965391646822997,-0.2440000000000002,-0.0153928571428571,stable,80,12.8,10.53,0.8226562500000001,0.6493333333333333,0.1913213701254166,5.142857142857143,0.8997354108424402,13.597142857142858,0.9037646612419968,0.1531623486166955,0.0,0.0,0.0,0.0,0.84,0.0846167832052247,0.7990714285714287,0.1185866239143983,0.0,1.2155745489078822,1.1312690804538632,0.1717717672070625,0.5714285714285714,0.1937272260040851,0.188581641222166,-0.1292857142857143,1,-0.2648571428571425,40.54054054054054,0.7366948752795868,False,0.0,0.807010145238383,False,0.0,False,0.0,none,none,False,0,False,18,False,30.0,False,40.54054054054054,False,0.0,No drop,True,0.9879735714290907,1.0098557278075146,0.9487624897100067,0.8486943592979674,0.9590991416593508,0.950877057980786
82,2026-02-28,Efficient,6,4.03,3.19,0.2,0.79,0.472,3.5,2.35,0.59,0.95,0.498,1.87,1.41,0.37,0.75,0.477,1.9,1.23,0.2,0.51,0.34,2.26,1.5,0.2,0.81,0.415,3.1,2.62,0.34,0.76,0.527,,,,,,,,,,,,,,,,,,,,,0.845,0.9874285714285714,0.1991380234434201,1.0688571428571427,0.2741948386162832,-0.0025000000000001,-0.0211071428571428,declining,81,16.66,12.3,0.7382953181272509,0.4548333333333333,0.0672767914415266,5.428571428571429,0.7867957924694459,14.372857142857145,0.863325231431146,0.1543014223012356,0.0,0.0,0.0,0.0,0.7616666666666667,0.142886901662352,0.7878809523809523,0.1309178180811737,0.0,1.3544715447154472,1.1848970368355567,0.1749085936456602,0.7142857142857143,0.1991380234434201,0.2016733455011488,-0.1424285714285714,0,-0.2238571428571427,16.216216216216218,0.6887215362634413,False,0.0,0.7398233365176029,False,0.0,False,0.0,none,none,False,0,False,19,False,15.0,True,16.216216216216218,True,0.0,No drop,True,0.9307841428574544,0.9521562230748846,0.9072574938260041,0.7966578991738887,0.8997675879964884,0.8973246693857441
83,2026-03-01,Normal,5,4.12,4.06,0.86,0.77,0.897,3.55,3.01,0.83,0.69,0.739,3.36,3.16,0.59,0.99,0.794,4.27,3.28,0.66,0.72,0.611,2.7,2.32,0.57,0.6,0.616,,,,,,,,,,,,,,,,,,,,,,,,,,1.004,0.9882857142857142,0.1992040112428408,0.9621428571428572,0.0944765024956445,0.0529999999999999,-0.0178214285714286,stable,82,18.0,15.829999999999998,0.8794444444444444,0.7314,0.1216688127664604,5.428571428571429,0.7867957924694459,15.05,0.8798241899889281,0.1479486404434847,0.0,0.0,0.0,0.0,0.754,0.1457051817884319,0.7881666666666668,0.1297078119098534,0.0,1.137081490840177,1.1603396472178864,0.1664459797927298,0.5714285714285714,0.1992040112428408,0.2015652036281998,0.0157142857142857,1,0.0418571428571428,60.60606060606061,0.689479697421453,False,0.0,0.8487710541480837,False,0.0,False,0.0,none,none,False,0,False,20,False,52.0,False,60.60606060606061,False,0.0,No drop,False,0.9600704857144726,1.0072333943618015,0.9382150958016828,0.8267282227527621,0.9539684422383143,0.9372431281738066
84,2026-03-02,Efficient,6,0.88,0.67,0.69,0.89,0.597,4.38,3.77,0.84,0.9,0.762,4.88,3.46,0.75,0.72,0.529,4.89,4.08,0.73,0.84,0.668,1.71,0.99,0.74,0.64,0.396,1.97,1.28,0.57,0.69,0.42,,,,,,,,,,,,,,,,,,,,,0.749,0.9748571428571428,0.2132998113543687,0.9667142857142856,0.2324634123797514,-0.0479999999999998,-0.0642142857142856,declining,83,18.71,14.25,0.7616247995724211,0.5619999999999999,0.1423165485809714,5.428571428571429,0.7867957924694459,15.688571428571429,0.8741614406501569,0.1521554762127992,0.0,0.0,0.0,0.0,0.7799999999999999,0.1108151614175605,0.789595238095238,0.1190270962045631,0.0,1.312982456140351,1.1696188487273569,0.173797502849277,0.5714285714285714,0.2132998113543687,0.2188010960551848,-0.2258571428571428,0,-0.2177142857142856,8.108108108108109,0.6549074258255897,False,0.0,0.6877581908585839,False,0.0,False,0.0,none,none,False,0,False,21,False,3.0,True,8.108108108108109,True,0.0,No drop,True,0.8756422914286837,0.8810515449986751,0.8473918498168751,0.7606392130489404,0.8473848522743909,0.8424219503135131
85,2026-03-03,Efficient,6,4.54,4.17,0.45,1.0,0.687,2.65,2.44,0.66,0.84,0.718,4.93,3.85,0.88,0.63,0.619,2.06,1.72,0.84,0.8,0.707,2.62,2.29,0.31,0.95,0.594,4.1,2.8,0.2,0.88,0.441,,,,,,,,,,,,,,,,,,,,,0.892,0.9462857142857144,0.2083304380751195,0.9232857142857144,0.2097790220571124,-0.0559999999999999,-0.0563571428571428,declining,84,20.9,17.27,0.8263157894736842,0.6276666666666667,0.10394934663896,5.714285714285714,0.4879500364742702,16.71,0.8579727871983457,0.1500419202210021,0.0,0.0,0.0,0.0,0.85,0.1299230541512937,0.8070952380952382,0.1212419866125242,0.0,1.2101910828025475,1.1904687911179903,0.1676962079241566,0.7142857142857143,0.2083304380751195,0.2201559581107845,-0.0542857142857142,1,-0.0312857142857142,32.432432432432435,0.6337900571730352,False,0.0,0.6715508878171794,False,0.0,False,0.0,none,none,False,0,False,22,False,27.0,False,32.432432432432435,False,0.0,No drop,True,0.8821853748572102,0.8848835042491389,0.868803761904775,0.7642538751706986,0.8705847290917077,0.8541422490547061
86,2026-03-04,Normal,5,3.4,2.06,0.33,0.6,0.408,3.07,1.81,0.58,0.74,0.453,4.86,3.54,0.32,0.74,0.502,0.89,0.64,0.56,0.72,0.546,4.43,2.72,0.34,0.84,0.463,,,,,,,,,,,,,,,,,,,,,,,,,,0.822,0.8657142857142857,0.0785975281327041,0.9598571428571429,0.0981044147348945,0.0365,-0.0068571428571428,stable,85,16.65,10.77,0.646846846846847,0.4744,0.0521660809338788,5.714285714285714,0.4879500364742702,17.25,0.7815483107738693,0.0751541591632083,0.0,0.0,0.0,0.0,0.728,0.0855569985448297,0.7833809523809523,0.1152088594895228,0.0,1.545961002785515,1.2904412420653717,0.1332870358189878,0.8571428571428571,0.0785975281327041,0.0907892239156648,-0.0437142857142857,0,-0.1378571428571429,13.636363636363637,0.7478179935152295,False,0.0,0.8421318451752695,True,0.0201318451752695,True,0.0201318451752695,daytype,none,False,1,False,0,False,8.5,True,13.636363636363637,True,0.2013184517526955,NONE drop | below Normal baseline | (0.020 below threshold),False,0.858111224914326,0.9331400366170809,0.853826558095247,0.7112992138572753,0.8534829044514266,0.8419719875870711
87,2026-03-05,Efficient,5,1.4,1.35,0.49,0.84,0.689,3.27,3.77,0.67,0.87,1.046,3.69,3.84,0.62,0.87,0.942,2.61,3.02,0.74,0.94,1.113,4.68,5.84,0.55,1.0,1.076,,,,,,,,,,,,,,,,,,,,,,,,,,1.281,0.9272857142857144,0.1745200220468639,0.9858571428571428,0.2443190731887499,0.1945,0.0353928571428571,improving,86,15.65,17.82,1.1386581469648565,0.9732,0.1711394168507068,5.571428571428571,0.5345224838248523,17.052857142857142,0.8305487993470722,0.1551397191787862,0.0,0.0,0.0,0.0,0.904,0.0650384501660364,0.8025238095238095,0.109220361562247,0.0,0.8782267115600448,1.2363555482502806,0.2061175394612346,0.7142857142857143,0.1745200220468639,0.1882052309856798,0.3537142857142856,1,0.295142857142857,70.27027027027027,0.6655056812154185,False,0.0,0.6926742550306428,False,0.0,False,0.0,none,none,False,0,False,1,True,89.0,False,70.27027027027027,False,0.0,No drop,False,1.0272667349485956,1.0235242777619402,0.990522059504768,0.8556110692944322,1.0313300161996333,0.9856508315418739
88,2026-03-06,Chill,4,4.11,3.4,0.73,0.93,0.816,3.05,2.18,0.36,0.76,0.587,4.83,4.26,0.29,0.99,0.68,4.32,3.75,0.23,0.96,0.644,,,,,,,,,,,,,,,,,,,,,,,,,,,,,,,1.041,0.9477142857142856,0.1788367172271153,1.0104285714285717,0.0883852497928946,0.1094999999999999,0.0433928571428572,improving,87,16.310000000000002,13.59,0.8332311465358675,0.6817500000000001,0.0973460322766161,5.285714285714286,0.7559289460184573,17.554285714285715,0.8320594988521959,0.155101537689303,0.0,0.0,0.0,0.0,0.91,0.10295630140987,0.8125238095238095,0.1118402927343392,0.0,1.2001471670345845,1.2341516365540954,0.2064589696083953,0.7142857142857143,0.1788367172271153,0.1887031987624068,0.0932857142857142,0,0.0305714285714284,61.66666666666667,0.6794592098736126,False,0.0,0.9043662716770982,False,0.0,False,0.0,none,none,False,0,False,2,False,59.5,False,61.66666666666667,False,0.0,No drop,False,1.0327600409691573,1.0330375813495531,1.0066750004632423,0.8463457392915104,1.036358407775824,0.9910353539698573
89,2026-03-07,Chill,4,2.49,1.93,0.86,0.61,0.763,0.78,0.54,0.87,0.69,0.743,1.61,1.39,0.57,0.83,0.743,0.75,0.5,0.87,0.84,0.751,,,,,,,,,,,,,,,,,,,,,,,,,,,,,,,0.978,0.9667142857142856,0.1730777419598041,1.0014285714285711,0.0879599475952116,-0.1514999999999999,0.0319642857142856,improving,88,5.630000000000001,4.359999999999999,0.7744227353463586,0.75,0.0094516312525052,5.0,0.816496580927729,15.978571428571428,0.8372205584549256,0.1520322011550869,0.0,0.0,0.0,0.0,0.7424999999999999,0.1117661248619932,0.8097857142857142,0.1073944674771451,0.0,1.291284403669725,1.225124902118992,0.2016468596445121,0.7142857142857143,0.1730777419598041,0.179037120395837,0.0112857142857143,0,-0.0234285714285713,40.0,0.7070976727745795,False,0.0,0.8958766343143172,False,0.0,False,0.0,none,none,False,0,False,3,False,43.0,False,40.0,False,0.0,No drop,True,1.0108560245814944,1.008270669742254,0.992911000240886,0.8366371411007527,1.0060120357323956,0.9709373742795566
90,2026-03-08,Chill,5,1.84,1.3,0.87,0.71,0.749,1.28,1.11,0.57,0.79,0.737,3.8,3.55,0.2,0.72,0.584,4.43,3.92,0.36,0.58,0.604,0.87,0.67,0.5,0.74,0.652,,,,,,,,,,,,,,,,,,,,,,,,,,1.101,0.9805714285714284,0.1802931475337286,1.026,0.0883779761403636,0.03,0.0516785714285713,improving,89,12.22,10.55,0.8633387888707036,0.6652,0.075317328683378,5.0,0.816496580927729,15.152857142857142,0.8349197505158198,0.1514072821455163,0.0,0.0,0.0,0.0,0.708,0.0779102047231298,0.8032142857142857,0.0977094707535305,0.0,1.1582938388625594,1.228155237550761,0.2002578355701856,0.7142857142857143,0.1802931475337286,0.18386538938463,0.1204285714285714,1,0.0749999999999999,90.0,0.7101317072708355,False,0.0,0.9199464286315636,False,0.0,False,0.0,none,none,False,0,False,4,False,71.0,False,90.0,False,0.0,No drop,False,1.0469136147488967,1.0499988683582397,1.0274994801638024,0.8669426244062202,1.05540577715155,1.0093520729657417
91,2026-03-09,Efficient,5,3.82,3.1,0.66,0.68,0.575,3.06,2.88,0.48,0.75,0.636,2.56,2.32,0.42,0.57,0.537,4.21,5.07,0.2,0.75,0.751,0.88,0.91,0.57,0.83,0.892,,,,,,,,,,,,,,,,,,,,,,,,,,1.147,1.0374285714285714,0.1562464475786639,0.9517142857142856,0.1896678801534542,0.0844999999999999,0.0364285714285714,improving,90,14.53,14.28,0.9827942188575364,0.6781999999999999,0.1443769372164405,4.857142857142857,0.6900655593423579,14.555714285714284,0.8665153818422648,0.1565522871339826,0.0,0.0,0.0,0.0,0.716,0.0973652915571046,0.7940714285714285,0.0957880607734653,0.0,1.0175070028011204,1.1859444585022996,0.2102870961954474,0.5714285714285714,0.1562464475786639,0.150609354592488,0.1095714285714286,2,0.1952857142857142,51.35135135135135,0.8030589000605755,False,0.0,0.7241128295301406,False,0.0,False,0.0,none,none,False,0,False,5,False,76.0,False,51.35135135135135,False,0.0,No drop,False,1.086948168849338,1.0667407805452611,1.0657396465113858,0.9118095618555658,1.103034773032744,1.0468545861588587
92,2026-03-10,Normal,5,4.02,3.64,0.43,0.71,0.626,1.62,1.78,0.55,0.8,0.855,1.51,1.34,0.79,0.6,0.728,3.57,4.41,0.82,0.7,1.02,4.83,4.78,0.33,0.7,0.626,,,,,,,,,,,,,,,,,,,,,,,,,,1.202,1.0817142857142856,0.1520325779624373,1.012,0.1170854388897272,0.0504999999999999,0.0332857142857143,improving,91,15.55,15.95,1.0257234726688105,0.771,0.1680446369272164,4.714285714285714,0.487950036474272,13.79142857142857,0.8950021937272827,0.1658827052667599,0.0,0.0,0.0,0.0,0.702,0.0708519583356734,0.7729285714285713,0.0873493327998053,0.0,0.974921630094044,1.152334536686799,0.2241128154770249,0.4285714285714285,0.1520325779624373,0.1405478137529135,0.1202857142857143,3,0.1899999999999999,90.9090909090909,0.8536654187706296,False,0.0,0.8714974733323274,False,0.0,False,0.0,none,none,False,0,False,6,False,82.0,False,90.9090909090909,False,0.0,No drop,False,1.132968901309603,1.0406840219702485,1.1093429596277422,0.9564729901499888,1.154496691055717,1.07879311282266
93,2026-03-11,Normal,5,1.49,1.53,0.45,0.72,0.76,1.68,1.55,0.2,0.71,0.546,0.69,0.8,0.29,0.84,0.744,0.54,0.66,0.57,0.73,0.893,2.96,2.68,0.43,0.7,0.625,,,,,,,,,,,,,,,,,,,,,,,,,,1.265,1.145,0.113129719054425,1.0472857142857142,0.1513888087956686,0.0589999999999999,0.0158214285714285,stable,92,7.36,7.220000000000001,0.9809782608695652,0.7136,0.1334177649340596,4.714285714285714,0.487950036474272,12.464285714285714,0.9427352528733852,0.12580681276432,0.0,0.0,0.0,0.0,0.74,0.0570087712549568,0.7746428571428571,0.0832710146155377,0.0,1.0193905817174516,1.0771101908199328,0.1440374426078607,0.2857142857142857,0.113129719054425,0.0988032480824673,0.1199999999999998,4,0.2177142857142857,100.0,0.9753054214183624,False,0.0,0.8656191437309119,False,0.0,False,0.0,none,none,False,0,False,7,False,87.0,False,100.0,False,0.0,No drop,False,1.1857813407857618,1.130410413182149,1.1591532125468647,1.016136025443743,1.2045015242375214,1.139196503239208
94,2026-03-12,Normal,6,4.85,4.16,0.2,0.76,0.531,4.02,3.25,0.67,0.71,0.641,3.6,2.69,0.21,0.59,0.447,1.27,1.1,0.74,0.75,0.731,3.48,3.27,0.64,0.86,0.781,4.67,4.05,0.5,0.72,0.629,,,,,,,,,,,,,,,,,,,,,1.025,1.108428571428571,0.1027389201533943,1.0524285714285713,0.1496806123527219,-0.0885000000000001,0.0223928571428571,improving,93,21.89,18.52,0.8460484239378712,0.6266666666666667,0.1235696834448752,4.857142857142857,0.6900655593423579,13.355714285714289,0.9009338638695302,0.0946002065090825,0.0,0.0,0.0,0.0,0.7316666666666666,0.0875023809199879,0.7500238095238094,0.086480147580388,0.0,1.181965442764579,1.1205014381348664,0.1174316058897787,0.2857142857142857,0.1027389201533943,0.0926888053967986,-0.0834285714285714,0,-0.0274285714285713,66.66666666666666,0.9543201911984796,False,0.0,0.872811836605305,False,0.0,False,0.0,none,none,False,0,False,8,False,55.00000000000001,False,66.66666666666666,False,0.0,No drop,True,1.1214688044714571,1.0882462479092894,1.0947596705243696,0.9454061468208133,1.1307343531733163,1.0761230445798493
95,2026-03-13,Efficient,5,1.91,2.33,0.98,1.0,1.318,3.88,4.35,0.8,0.7,1.042,1.5,1.4,0.2,0.86,0.561,3.92,3.97,0.92,0.84,1.074,1.83,1.9,0.2,0.86,0.709,,,,,,,,,,,,,,,,,,,,,,,,,,1.277,1.1421428571428571,0.1149237842679921,1.0127142857142857,0.2180448839770647,0.0059999999999999,0.0308214285714285,improving,94,13.04,13.95,1.0697852760736195,0.9408,0.3034150622497176,5.0,0.57735026918963,12.888571428571428,0.934727310946352,0.1077252341538277,0.0,0.0,0.0,0.0,0.852,0.1063954886261631,0.7417380952380952,0.0869714600398584,0.0,0.9347670250896056,1.0825899892855837,0.129636656821705,0.1428571428571428,0.1149237842679921,0.1006211994841707,0.1348571428571428,1,0.2642857142857142,67.56756756756756,0.9697571807408688,False,0.0,0.751060424941808,False,0.0,False,0.0,none,none,False,0,False,9,False,88.0,False,67.56756756756756,False,0.0,No drop,False,1.1836812826828744,1.1403315073544196,1.1676558023146217,1.0122099059623049,1.1979719597402287,1.1403700916108899
96,2026-03-14,Chill,5,4.89,3.96,0.69,0.71,0.738,3.42,3.55,0.42,0.88,0.758,2.91,2.02,0.46,0.39,0.522,1.26,1.02,0.68,0.9,0.78,3.28,3.11,0.85,0.75,0.897,,,,,,,,,,,,,,,,,,,,,,,,,,1.099,1.1594285714285717,0.0931591060907029,1.0594285714285714,0.0554522531638923,0.0369999999999998,0.0027499999999999,stable,95,15.759999999999998,13.66,0.8667512690355331,0.7390000000000001,0.1361029022467926,5.142857142857143,0.3779644730092332,14.335714285714287,0.9479171014733768,0.0888198061034454,0.0,0.0,0.0,0.0,0.726,0.2047681615876843,0.7393809523809524,0.1002574652863857,0.0,1.1537335285505124,1.0629398642685532,0.0996988209919899,0.0,0.0931591060907029,0.0803491550806949,-0.0604285714285715,0,0.0395714285714285,85.0,1.0196899122925174,False,0.0,0.9928858676319006,False,0.0,False,0.0,none,none,False,0,False,10,False,69.5,False,85.0,False,0.0,No drop,True,1.1498087696097246,1.072049377597032,1.1456859455739428,0.9898127438616194,1.1610914025504497,1.1036896478385536
97,2026-03-15,Efficient,7,1.64,1.5,0.39,0.67,0.559,4.06,3.95,0.43,0.71,0.623,0.58,0.53,0.3,0.65,0.521,1.63,1.62,0.58,0.66,0.685,1.07,0.76,0.74,0.71,0.529,4.0,4.01,0.27,0.95,0.754,3.16,2.45,0.36,0.49,0.425,,,,,,,,,,,,,,,,1.036,1.1501428571428571,0.1027041520930028,1.0324285714285713,0.2121020643800664,-0.1205000000000001,-0.0188214285714285,stable,96,16.14,14.82,0.9182156133828996,0.5851428571428572,0.1106893981244042,5.428571428571429,0.7867957924694456,14.895714285714282,0.9557566478322622,0.0822923910615914,0.0,0.0,0.0,0.0,0.6914285714285714,0.1361896436870992,0.7370136054421768,0.1085830994240956,0.0,1.0890688259109311,1.0530505767040348,0.0917831552710475,0.0,0.1027041520930028,0.0892968655634107,-0.1141428571428571,0,0.0035714285714287,48.64864864864865,0.996086629003353,False,0.0,0.7779060941724916,False,0.0,False,0.0,none,none,False,0,False,11,False,57.99999999999999,False,48.64864864864865,False,0.0,No drop,True,1.1042852617658347,1.1038154797803728,1.0930366916984502,0.9613848095203399,1.109701776818176,1.0744448039166348
98,2026-03-16,Efficient,4,4.63,3.58,0.81,0.81,0.636,4.06,3.63,0.67,0.84,0.698,1.72,1.19,0.51,0.61,0.428,3.49,2.94,0.88,0.82,0.732,,,,,,,,,,,,,,,,,,,,,,,,,,,,,,,0.839,1.106142857142857,0.1562779879695453,1.0315714285714286,0.2129959758171169,-0.1299999999999998,-0.0526071428571428,declining,97,13.9,11.34,0.8158273381294965,0.6234999999999999,0.1362583330785069,5.285714285714286,0.9511897312113442,14.805714285714286,0.9319042362996852,0.0961759190886794,0.0,0.0,0.0,0.0,0.77,0.1073933579572467,0.7447278911564627,0.1100156803384016,0.0,1.2257495590828924,1.0827995133157164,0.1102357200209893,0.1428571428571428,0.1562779879695453,0.1412819211916333,-0.2671428571428571,0,-0.1925714285714286,10.81081081081081,0.8717258751885391,True,0.032725875188539,0.7759762575908883,False,0.0,True,0.032725875188539,overall,none,True,1,False,0,False,12.0,True,10.81081081081081,True,1.3272587518853909,NONE drop | below overall baseline | (0.033 below threshold) | during declining trend,False,0.9981711570595009,1.0111300618572423,0.9710990796831941,0.8758483988398115,0.9548603604781793,0.9622218115835857
99,2026-03-17,Normal,6,1.84,1.55,0.3,0.89,0.591,4.16,2.75,0.81,0.51,0.53,0.86,0.71,0.5,0.85,0.632,1.94,1.35,0.53,0.77,0.53,3.63,2.37,0.5,0.82,0.508,2.42,2.12,0.32,1.0,0.65,,,,,,,,,,,,,,,,,,,,,0.882,1.0604285714285715,0.1697840364923007,1.0417142857142856,0.1599799094529419,-0.077,-0.0629285714285714,declining,98,14.85,10.85,0.7306397306397305,0.5735,0.0594230594971346,5.428571428571429,0.9759000729485352,14.705714285714285,0.8897494160098164,0.111628098676868,0.0,0.0,0.0,0.0,0.8066666666666666,0.164762455270206,0.7596802721088436,0.1234314656147634,0.0,1.3686635944700465,1.1390483653694312,0.1419181604044926,0.2857142857142857,0.1697840364923007,0.1601088852817061,-0.1784285714285715,1,-0.1597142857142856,30.303030303030305,0.8057525166901205,False,0.0,0.8497383943707553,False,0.0,False,0.0,none,none,False,0,False,1,False,25.0,False,30.303030303030305,False,0.0,No drop,True,0.9517026942357005,1.0057477487455735,0.928331521435261,0.8344042303755778,0.9169729730295261,0.9274318335643278
100,2026-03-18,Efficient,7,4.32,4.02,0.8,0.77,0.771,2.95,2.78,0.2,0.75,0.532,1.88,2.06,0.71,0.69,0.969,3.66,3.92,0.65,0.8,0.954,3.66,3.6,0.2,0.84,0.577,1.63,1.46,0.58,0.76,0.642,2.03,2.13,0.85,0.69,1.021,,,,,,,,,,,,,,,,1.176,1.0477142857142856,0.1545614379308046,1.0925714285714283,0.1766209284908004,0.1684999999999999,-0.0213214285714286,declining,99,20.130000000000003,19.97,0.9920516641828117,0.7808571428571428,0.2024478768896894,5.714285714285714,1.1126972805283748,16.529999999999998,0.8913313307688517,0.1132037434245194,0.0,0.0,0.0,0.0,0.7571428571428571,0.0546852465522118,0.7621292517006802,0.1230995335143713,0.0,1.0080120180270409,1.137422856270801,0.1435726463578023,0.2857142857142857,0.1545614379308046,0.1475225068878691,0.1282857142857143,2,0.0834285714285714,56.75675675675676,0.8158721288180787,False,0.0,0.8806263143824679,False,0.0,False,0.0,none,none,False,0,False,2,False,79.0,False,56.75675675675676,False,0.0,No drop,False,1.0414216165414203,1.0688345402072075,1.0075854345759774,0.8982163045465581,1.0516670270541724,1.0135449845850673
